New Data,#8800FF,false,true
1.000000000000000,1.274055000001800
1.000000000000000,1.768632500005040
1.000000000000000,2.265165000008290
1.000000000000000,2.762859375011550
1.000000000000000,3.009605000013170
0.000000000000000,3.016569999998910
0.000000000000000,3.023251250013250
1.000000000000000,3.261097500014810
1.000000000000000,3.384949959727650
0.000000000000000,3.391005000015660
0.000000000000000,3.397610625015710
1.000000000000000,3.602719940884470
0.000000000000000,3.607015000017080
0.000000000000000,3.610865000017100
1.000000000000000,3.725999684909560
0.000000000000000,3.730239999355080
0.000000000000000,3.735065000017920
1.000000000000000,3.759786875018080
1.000000000000000,4.258733750009860
1.000000000000000,4.405559999999530
0.000000000000000,4.411399999970700
0.000000000000000,4.416230039066400
1.000000000000000,4.510629793839780
0.000000000000000,4.515725000000130
0.000000000000000,4.521950624999890
1.000000000000000,4.688469996069220
0.000000000000000,4.695099999607100
0.000000000000000,4.699744999993160
1.000000000000000,4.757926249990960
1.000000000000000,4.777819921221480
0.000000000000000,4.781494999990070
0.000000000000000,4.786114999989890
1.000000000000000,4.939759984834960
0.000000000000000,4.943379999969630
0.000000000000000,4.947310078108790
1.000000000000000,5.097829980232270
0.000000000000000,5.105379999953960
0.000000000000000,5.110680312477610
1.000000000000000,5.257219374972060
1.000000000000000,5.426039879445080
0.000000000000000,5.430804999965490
0.000000000000000,5.437810156215220
1.000000000000000,5.579609914362820
0.000000000000000,5.585884999959620
0.000000000000000,5.589900312459460
1.000000000000000,5.756664999953150
1.000000000000000,5.786259960827540
0.000000000000000,5.790104999951880
0.000000000000000,5.796551249951640
1.000000000000000,5.932489987028980
0.000000000000000,5.937939999731710
0.000000000000000,5.941704999946150
1.000000000000000,6.156399765558250
0.000000000000000,6.161184999937840
0.000000000000000,6.164161249937720
1.000000000000000,6.216719998691190
0.000000000000000,6.220339999701950
0.000000000000000,6.226110312435380
1.000000000000000,6.256189609848070
1.000000000000000,6.478279957759120
0.000000000000000,6.483104999925650
0.000000000000000,6.486282499925530
1.000000000000000,6.539019908327880
0.000000000000000,6.542254999923410
0.000000000000000,6.548081249923190
1.000000000000000,6.755737499915330
1.000000000000000,6.868589843646750
0.000000000000000,6.873924999910850
0.000000000000000,6.877020624910740
1.000000000000000,7.040109684309890
0.000000000000000,7.043119999174890
0.000000000000000,7.048462499904250
1.000000000000000,7.164374999899860
0.000000000000000,7.170224999899640
0.000000000000000,7.172990078024530
1.000000000000000,7.217869999740480
0.000000000000000,7.219184999897780
0.000000000000000,7.220914999897720
1.000000000000000,7.255379999891640
1.000000000000000,7.403194999890820
0.000000000000000,7.406199999742880
0.000000000000000,7.411044999890520
1.000000000000000,7.626234999882370
0.000000000000000,7.631404999882180
0.000000000000000,7.634224999882070
1.000000000000000,7.755034960815000
1.000000000000000,7.787104999876280
0.000000000000000,7.790064999876170
0.000000000000000,7.793100038938560
1.000000000000000,7.941799920481810
0.000000000000000,7.944034999870340
0.000000000000000,7.947582499870210
1.000000000000000,7.966079946115650
0.000000000000000,7.970199999845510
0.000000000000000,7.972470009634890
1.000000000000000,8.014199999748470
0.000000000000000,8.014399999595880
0.000000000000000,8.014600156117670
1.000000000000000,8.118649821407430
0.000000000000000,8.122214999863600
0.000000000000000,8.125300312363480
1.000000000000000,8.224619970729740
0.000000000000000,8.228079998872530
0.000000000000000,8.229841249859520
1.000000000000000,8.254747499858580
1.000000000000000,8.267279921661580
0.000000000000000,8.269504999858020
0.000000000000000,8.274642499857830
1.000000000000000,8.470489934547570
0.000000000000000,8.474254999850270
0.000000000000000,8.476772499850170
1.000000000000000,8.611829920485050
0.000000000000000,8.614569999830650
0.000000000000000,8.617700312344840
1.000000000000000,8.634104999844220
0.000000000000000,8.636749999133630
0.000000000000000,8.638474999844050
1.000000000000000,8.673389997863850
0.000000000000000,8.675064999842670
0.000000000000000,8.679194999842510
1.000000000000000,8.754494999839660
1.000000000000000,8.778939956117540
0.000000000000000,8.782754999838590
0.000000000000000,8.784372499838530
1.000000000000000,8.915389919271930
0.000000000000000,8.917614999833480
0.000000000000000,8.921214999833350
1.000000000000000,8.975849843242720
0.000000000000000,8.978039999769210
0.000000000000000,8.981321249831070
1.000000000000000,9.058559999794770
0.000000000000000,9.059094999828130
0.000000000000000,9.059724999828100
1.000000000000000,9.074959989160680
0.000000000000000,9.078889999698630
0.000000000000000,9.081330077952290
1.000000000000000,9.165949904022730
0.000000000000000,9.168914999823970
0.000000000000000,9.170439999828680
1.000000000000000,9.206849957379260
0.000000000000000,9.208119999808180
0.000000000000000,9.210520077947400
1.000000000000000,9.254274999820740
1.000000000000000,9.294754999819210
0.000000000000000,9.296809999499650
0.000000000000000,9.300034999819010
1.000000000000000,9.391979990579190
0.000000000000000,9.395329999782020
0.000000000000000,9.397280002256730
1.000000000000000,9.428669977445700
0.000000000000000,9.430379999294320
0.000000000000000,9.433860624813940
1.000000000000000,9.448834999813370
0.000000000000000,9.451284999813280
0.000000000000000,9.453124999813210
1.000000000000000,9.523259996801710
0.000000000000000,9.524214999810520
0.000000000000000,9.525224999810480
1.000000000000000,9.672159929066130
0.000000000000000,9.676804999804740
0.000000000000000,9.678350156054680
1.000000000000000,9.706839960516990
0.000000000000000,9.708644999803540
0.000000000000000,9.712414999803390
1.000000000000000,9.754054999801820
1.000000000000000,9.852119994471830
0.000000000000000,9.854194999798030
0.000000000000000,9.857114999797920
1.000000000000000,10.005714999792300
0.000000000000000,10.007599999787500
0.000000000000000,10.009940312292100
1.000000000000000,10.024094999791600
0.000000000000000,10.027309998594600
0.000000000000000,10.028861249791400
1.000000000000000,10.058979999642500
0.000000000000000,10.060324999790200
0.000000000000000,10.063272499790100
1.000000000000000,10.095119991525300
0.000000000000000,10.097869999755400
0.000000000000000,10.099904999788700
1.000000000000000,10.253862499782900
1.000000000000000,10.266909920079100
0.000000000000000,10.268209999691800
0.000000000000000,10.272102499782200
1.000000000000000,10.358839997313700
0.000000000000000,10.361499999688200
0.000000000000000,10.362834999778800
1.000000000000000,10.409269999686400
0.000000000000000,10.412019999762600
0.000000000000000,10.413979999929400
1.000000000000000,10.492559998119200
0.000000000000000,10.494564999773800
0.000000000000000,10.495694999773700
1.000000000000000,10.525204999772600
0.000000000000000,10.526659999348200
0.000000000000000,10.530014999772400
1.000000000000000,10.601349947141200
0.000000000000000,10.602784999769700
0.000000000000000,10.605364999769600
1.000000000000000,10.615499920886000
0.000000000000000,10.617524999769100
0.000000000000000,10.618782499769100
1.000000000000000,10.689509960556100
0.000000000000000,10.693064999766300
0.000000000000000,10.694362499766200
1.000000000000000,10.721284999765200
0.000000000000000,10.722449999417100
0.000000000000000,10.724630000375400
1.000000000000000,10.736204999764600
0.000000000000000,10.737884999764600
0.000000000000000,10.739430156014500
1.000000000000000,10.753710322640000
1.000000000000000,10.803069991183800
0.000000000000000,10.804929999337600
0.000000000000000,10.807220038824400
1.000000000000000,10.849839921525700
0.000000000000000,10.851139999669700
0.000000000000000,10.854239999764900
1.000000000000000,10.885129916717800
0.000000000000000,10.886079999697000
0.000000000000000,10.886924999758900
1.000000000000000,10.936479980068400
0.000000000000000,10.939844999756900
0.000000000000000,10.941060077881900
