ThetaLocalMinMax,#8800FF,false,1
1.000000000000000,1.274055000001800
0.000000000000000,1.274085000001800
1.000000000000000,1.274105000001800
0.000000000000000,1.274115000001800
1.000000000000000,1.274130588991050
0.000000000000000,1.274145000001800
1.000000000000000,1.274158750001800
0.000000000000000,1.274165000001800
1.000000000000000,1.274175313879860
0.000000000000000,1.274192032935030
1.000000000000000,1.274220009767420
0.000000000000000,1.274235000001800
1.000000000000000,1.274256015626800
0.000000000000000,1.274265000001800
1.000000000000000,1.274270312501800
0.000000000000000,1.274285859376800
1.000000000000000,1.274315000001800
0.000000000000000,1.274320156251800
1.000000000000000,1.768632500005040
0.000000000000000,1.768640004887850
1.000000000000000,1.768671479540140
0.000000000000000,1.768687500005040
1.000000000000000,1.768696738252910
0.000000000000000,1.768707391186030
1.000000000000000,1.768725319996150
0.000000000000000,1.768745000005040
1.000000000000000,2.265165000008290
0.000000000000000,2.265185000008290
1.000000000000000,2.265195000008290
0.000000000000000,2.265229843758290
1.000000000000000,2.265241250008290
0.000000000000000,2.265277324227040
1.000000000000000,2.265292861360260
0.000000000000000,2.265317500008290
1.000000000000000,2.265330312508290
0.000000000000000,2.265340078133290
1.000000000000000,2.762859375011550
0.000000000000000,2.762865000011550
1.000000000000000,2.762870976574050
0.000000000000000,2.762899378344640
1.000000000000000,3.009605000013170
0.000000000000000,3.016569999998910
1.000000000000000,3.016579999998910
0.000000000000000,3.023251250013250
1.000000000000000,3.261097500014810
0.000000000000000,3.261109980483560
1.000000000000000,3.261135000014810
0.000000000000000,3.261157409601720
1.000000000000000,3.261170625014810
0.000000000000000,3.261195000014810
1.000000000000000,3.261212863784340
0.000000000000000,3.261225831313640
1.000000000000000,3.384949959727650
0.000000000000000,3.391005000015660
1.000000000000000,3.391019999629430
0.000000000000000,3.397610625015710
1.000000000000000,3.602719940884470
0.000000000000000,3.607015000017080
1.000000000000000,3.607029999983700
0.000000000000000,3.610865000017100
1.000000000000000,3.725999684909560
0.000000000000000,3.730239999355080
1.000000000000000,3.730249998840100
0.000000000000000,3.735065000017920
1.000000000000000,3.759786875018080
0.000000000000000,3.759792500018080
1.000000000000000,3.759818593768080
0.000000000000000,3.759835325893360
1.000000000000000,3.759863762239420
0.000000000000000,3.759875000018080
1.000000000000000,3.759882187518080
0.000000000000000,3.759890039080580
1.000000000000000,4.258733750009860
0.000000000000000,4.258742500009860
1.000000000000000,4.258750234461150
0.000000000000000,4.258790742202120
1.000000000000000,4.258840000005090
0.000000000000000,4.258840156259850
1.000000000000000,4.405559999999530
0.000000000000000,4.411399999970700
1.000000000000000,4.411409999169610
0.000000000000000,4.416230039066400
1.000000000000000,4.510629793839780
0.000000000000000,4.515725000000130
1.000000000000000,4.515739999966750
0.000000000000000,4.521950624999890
1.000000000000000,4.688469996069220
0.000000000000000,4.695099999607100
1.000000000000000,4.695109999673860
0.000000000000000,4.699744999993160
1.000000000000000,4.757926249990960
0.000000000000000,4.757941249990960
1.000000000000000,4.757951897616880
0.000000000000000,4.757968859439390
1.000000000000000,4.757978343596950
0.000000000000000,4.757982499990960
1.000000000000000,4.757990705557360
0.000000000000000,4.758004999990960
1.000000000000000,4.777819921221480
0.000000000000000,4.781494999990070
1.000000000000000,4.781509999498930
0.000000000000000,4.786114999989890
1.000000000000000,4.939759984834960
0.000000000000000,4.943379999969630
1.000000000000000,4.943389999664460
0.000000000000000,4.947310078108790
1.000000000000000,5.097829980232270
0.000000000000000,5.105379999953960
1.000000000000000,5.105389999963500
0.000000000000000,5.110680312477610
1.000000000000000,5.257219374972060
0.000000000000000,5.257261660128310
1.000000000000000,5.257270009775830
0.000000000000000,5.257280468722060
1.000000000000000,5.426039879445080
0.000000000000000,5.430804999965490
1.000000000000000,5.430819999607860
0.000000000000000,5.437810156215220
1.000000000000000,5.579609914362820
0.000000000000000,5.585884999959620
1.000000000000000,5.585899999668740
0.000000000000000,5.589900312459460
1.000000000000000,5.756664999953150
0.000000000000000,5.756689632078050
1.000000000000000,5.786259960827540
0.000000000000000,5.790104999951880
1.000000000000000,5.790119999699160
0.000000000000000,5.796551249951640
1.000000000000000,5.932489987028980
0.000000000000000,5.937939999731710
1.000000000000000,5.937949999941520
0.000000000000000,5.941704999946150
1.000000000000000,6.156399765558250
0.000000000000000,6.161184999937840
1.000000000000000,6.161199999742330
0.000000000000000,6.164161249937720
1.000000000000000,6.216719998691190
0.000000000000000,6.220339999701950
1.000000000000000,6.220349998939010
0.000000000000000,6.226110312435380
1.000000000000000,6.256189609848070
0.000000000000000,6.256202106252710
1.000000000000000,6.256219928785370
0.000000000000000,6.256227499934240
1.000000000000000,6.478279957759120
0.000000000000000,6.483104999925650
1.000000000000000,6.483119999720610
0.000000000000000,6.486282499925530
1.000000000000000,6.539019908327880
0.000000000000000,6.542254999923410
1.000000000000000,6.542269999613460
0.000000000000000,6.548081249923190
1.000000000000000,6.755737499915330
0.000000000000000,6.755752499915330
1.000000000000000,6.755778395906650
0.000000000000000,6.755785935493670
1.000000000000000,6.868589843646750
0.000000000000000,6.873924999910850
1.000000000000000,6.873939999467390
0.000000000000000,6.877020624910740
1.000000000000000,7.040109684309890
0.000000000000000,7.043119999174890
1.000000000000000,7.043129999861530
0.000000000000000,7.048462499904250
1.000000000000000,7.164374999899860
0.000000000000000,7.170224999899640
1.000000000000000,7.170239999818570
0.000000000000000,7.172990078024530
1.000000000000000,7.217869999740480
0.000000000000000,7.219184999897780
1.000000000000000,7.219199999072850
0.000000000000000,7.220914999897720
1.000000000000000,7.255379999891640
0.000000000000000,7.255386093646410
1.000000000000000,7.255405056053520
0.000000000000000,7.255414999896410
1.000000000000000,7.403194999890820
0.000000000000000,7.406199999742880
1.000000000000000,7.406209999828710
0.000000000000000,7.411044999890520
1.000000000000000,7.626234999882370
0.000000000000000,7.631404999882180
1.000000000000000,7.631419999667600
0.000000000000000,7.634224999882070
1.000000000000000,7.755034960815000
0.000000000000000,7.755041249877500
1.000000000000000,7.755058749877500
0.000000000000000,7.755070370971250
1.000000000000000,7.787104999876280
0.000000000000000,7.790064999876170
1.000000000000000,7.790079999776030
0.000000000000000,7.793100038938560
1.000000000000000,7.941799920481810
0.000000000000000,7.944034999870340
1.000000000000000,7.944049999560400
0.000000000000000,7.947582499870210
1.000000000000000,7.966079946115650
0.000000000000000,7.970199999845510
1.000000000000000,7.970209999797820
0.000000000000000,7.972470009634890
1.000000000000000,8.014199999748470
0.000000000000000,8.014399999595880
1.000000000000000,8.014409999719860
0.000000000000000,8.014600156117670
1.000000000000000,8.118649821407430
0.000000000000000,8.122214999863600
1.000000000000000,8.122229999801610
0.000000000000000,8.125300312363480
1.000000000000000,8.224619970729740
0.000000000000000,8.228079998872530
1.000000000000000,8.228089999673620
0.000000000000000,8.229841249859520
1.000000000000000,8.254747499858580
0.000000000000000,8.254764999858580
1.000000000000000,8.267279921661580
0.000000000000000,8.269504999858020
1.000000000000000,8.269519999443170
0.000000000000000,8.274642499857830
1.000000000000000,8.470489934547570
0.000000000000000,8.474254999850270
1.000000000000000,8.474269999788280
0.000000000000000,8.476772499850170
1.000000000000000,8.611829920485050
0.000000000000000,8.614569999830650
1.000000000000000,8.614579999802040
0.000000000000000,8.617700312344840
1.000000000000000,8.634104999844220
0.000000000000000,8.636749999133630
1.000000000000000,8.636759999534170
0.000000000000000,8.638474999844050
1.000000000000000,8.673389997863850
0.000000000000000,8.675064999842670
1.000000000000000,8.675079999809290
0.000000000000000,8.679194999842510
1.000000000000000,8.754494999839660
0.000000000000000,8.754511791808010
1.000000000000000,8.778939956117540
0.000000000000000,8.782754999838590
1.000000000000000,8.782769999786140
0.000000000000000,8.784372499838530
1.000000000000000,8.915389919271930
0.000000000000000,8.917614999833480
1.000000000000000,8.917629999771500
0.000000000000000,8.921214999833350
1.000000000000000,8.975849843242720
0.000000000000000,8.978039999769210
1.000000000000000,8.978049999702450
0.000000000000000,8.981321249831070
1.000000000000000,9.058559999794770
0.000000000000000,9.059094999828130
1.000000000000000,9.059109999785210
0.000000000000000,9.059724999828100
1.000000000000000,9.074959989160680
0.000000000000000,9.078889999698630
1.000000000000000,9.078899999822610
0.000000000000000,9.081330077952290
1.000000000000000,9.165949904022730
0.000000000000000,9.168914999823970
1.000000000000000,9.168929999056260
0.000000000000000,9.170439999828680
1.000000000000000,9.206849957379260
0.000000000000000,9.208119999808180
1.000000000000000,9.208129999369490
0.000000000000000,9.210520077947400
1.000000000000000,9.254274999820740
0.000000000000000,9.254301093570740
1.000000000000000,9.294754999819210
0.000000000000000,9.296809999499650
1.000000000000000,9.296819999661770
0.000000000000000,9.300034999819010
1.000000000000000,9.391979990579190
0.000000000000000,9.395329999782020
1.000000000000000,9.395339999810630
0.000000000000000,9.397280002256730
1.000000000000000,9.428669977445700
0.000000000000000,9.430379999294320
1.000000000000000,9.430389999752080
0.000000000000000,9.433860624813940
1.000000000000000,9.448834999813370
0.000000000000000,9.451284999813280
1.000000000000000,9.451299999798970
0.000000000000000,9.453124999813210
1.000000000000000,9.523259996801710
0.000000000000000,9.524214999810520
1.000000000000000,9.524229999729460
0.000000000000000,9.525224999810480
1.000000000000000,9.672159929066130
0.000000000000000,9.676804999804740
1.000000000000000,9.676819998913060
0.000000000000000,9.678350156054680
1.000000000000000,9.706839960516990
0.000000000000000,9.708644999803540
1.000000000000000,9.708659999741550
0.000000000000000,9.712414999803390
1.000000000000000,9.754054999801820
0.000000000000000,9.754069374801820
1.000000000000000,9.754074930398170
0.000000000000000,9.754090312301820
1.000000000000000,9.852119994471830
0.000000000000000,9.854194999798030
1.000000000000000,9.854209999469010
0.000000000000000,9.857114999797920
1.000000000000000,10.005714999792300
0.000000000000000,10.007599999787500
1.000000000000000,10.007609999453700
0.000000000000000,10.009940312292100
1.000000000000000,10.024094999791600
0.000000000000000,10.027309998594600
1.000000000000000,10.027319998947500
0.000000000000000,10.028861249791400
1.000000000000000,10.058979999642500
0.000000000000000,10.060324999790200
1.000000000000000,10.060339999203700
0.000000000000000,10.063272499790100
1.000000000000000,10.095119991525300
0.000000000000000,10.097869999755400
1.000000000000000,10.097879999765000
0.000000000000000,10.099904999788700
1.000000000000000,10.253862499782900
0.000000000000000,10.253885009591400
1.000000000000000,10.253890007107100
0.000000000000000,10.253900019314100
1.000000000000000,10.266909920079100
0.000000000000000,10.268209999691800
1.000000000000000,10.268219999481900
0.000000000000000,10.272102499782200
1.000000000000000,10.358839997313700
0.000000000000000,10.361499999688200
1.000000000000000,10.361509999154200
0.000000000000000,10.362834999778800
1.000000000000000,10.409269999686400
0.000000000000000,10.412019999762600
1.000000000000000,10.412029999686300
0.000000000000000,10.413979999929400
1.000000000000000,10.492559998119200
0.000000000000000,10.494564999773800
1.000000000000000,10.494579999406600
0.000000000000000,10.495694999773700
1.000000000000000,10.525204999772600
0.000000000000000,10.526659999348200
1.000000000000000,10.526669999748700
0.000000000000000,10.530014999772400
1.000000000000000,10.601349947141200
0.000000000000000,10.602784999769700
1.000000000000000,10.602799999707700
0.000000000000000,10.605364999769600
1.000000000000000,10.615499920886000
0.000000000000000,10.617524999769100
1.000000000000000,10.617539999430600
0.000000000000000,10.618782499769100
1.000000000000000,10.689509960556100
0.000000000000000,10.693064999766300
1.000000000000000,10.693079998683800
0.000000000000000,10.694362499766200
1.000000000000000,10.721284999765200
0.000000000000000,10.722449999417100
1.000000000000000,10.722459998778100
0.000000000000000,10.724630000375400
1.000000000000000,10.736204999764600
0.000000000000000,10.737884999764600
1.000000000000000,10.737899999721700
0.000000000000000,10.739430156014500
1.000000000000000,10.753710322640000
0.000000000000000,10.753721249764000
1.000000000000000,10.803069991183800
0.000000000000000,10.804929999337600
1.000000000000000,10.804939999280400
0.000000000000000,10.807220038824400
1.000000000000000,10.849839921525700
0.000000000000000,10.851139999669700
1.000000000000000,10.851149998983000
0.000000000000000,10.854239999764900
1.000000000000000,10.885129916717800
0.000000000000000,10.886079999697000
1.000000000000000,10.886089999363200
0.000000000000000,10.886924999758900
1.000000000000000,10.936479980068400
0.000000000000000,10.939844999756900
1.000000000000000,10.939859998760300
0.000000000000000,10.941060077881900
