-0.509928409,-0.794762058,0.151235108,-0.352567086
-0.287841964,-0.835186019,0.155625334,-0.350665833
-0.193729454,-0.823020888,0.159980066,-0.348730664
-0.135453312,-0.806209793,0.164299397,-0.34676231
-0.093010699,-0.7896428,0.168583428,-0.344761492
-0.059350126,-0.774060083,0.172832271,-0.342728919
-0.031263272,-0.759489819,0.177046045,-0.34066529
-0.007039531,-0.745822571,0.181224879,-0.338571292
0.014337255,-0.732935121,0.185368912,-0.336447605
0.033519767,-0.72071823,0.189478289,-0.334294893
0.050952634,-0.709080722,0.193553163,-0.332113816
0.06695294,-0.697947691,0.197593698,-0.329905017
0.081755212,-0.687257624,0.201600062,-0.327669134
0.095538144,-0.67695973,0.205572432,-0.32540679
0.108441279,-0.667011741,0.209510993,-0.323118603
0.120575866,-0.657378181,0.213415934,-0.320805175
0.132032165,-0.648029022,0.217287452,-0.318467103
0.14288453,-0.638938637,0.221125752,-0.316104969
0.153195025,-0.630084989,0.224931043,-0.31371935
0.163016052,-0.621448986,0.228703541,-0.31131081
0.172392314,-0.613013981,0.232443466,-0.308879902
0.181362295,-0.604765367,0.236151047,-0.306427172
0.18995939,-0.59669025,0.239826515,-0.303953155
0.198212801,-0.58877719,0.243470106,-0.301458376
0.206148224,-0.581015987,0.247082064,-0.298943352
0.213788415,-0.573397499,0.250662636,-0.296408589
0.221153633,-0.565913503,0.254212072,-0.293854583
0.228262009,-0.558556569,0.257730628,-0.291281822
0.235129843,-0.551319957,0.261218564,-0.288690785
0.241771853,-0.544197534,0.264676145,-0.286081941
0.248201383,-0.537183699,0.268103637,-0.283455751
0.254430577,-0.53027332,0.271501312,-0.280812665
0.260470521,-0.523461683,0.274869445,-0.278153126
0.266331374,-0.516744442,0.278208315,-0.275477568
0.272022467,-0.510117583,0.281518201,-0.272786416
0.277552402,-0.503577388,0.28479939,-0.270080087
0.282929126,-0.497120403,0.288052169,-0.267358988
0.288159998,-0.490743415,0.291276827,-0.26462352
0.293251854,-0.484443427,0.294473657,-0.261874073
0.298211053,-0.478217636,0.297642955,-0.259111032
0.303043527,-0.472063418,0.300785019,-0.256334771
0.307754818,-0.465978312,0.303900148,-0.253545658
0.312350114,-0.459960002,0.306988644,-0.250744052
0.316834284,-0.454006308,0.310050812,-0.247930305
0.3212119,-0.448115173,0.313086958,-0.245104762
0.325487265,-0.442284654,0.316097389,-0.242267758
0.329664436,-0.436512911,0.319082416,-0.239419623
0.333747244,-0.430798202,0.322042348,-0.236560679
0.337739307,-0.425138871,0.3249775,-0.233691241
0.341644055,-0.419533347,0.327888184,-0.230811616
0.345464735,-0.413980131,0.330774717,-0.227922104
0.349204431,-0.408477797,0.333637414,-0.225023
0.352866074,-0.403024985,0.336476594,-0.22211459
0.356452452,-0.397620392,0.339292576,-0.219197155
0.359966219,-0.392262775,0.342085679,-0.216270968
0.363409908,-0.386950943,0.344856224,-0.213336296
0.366785934,-0.381683754,0.347604533,-0.2103934
0.370096607,-0.376460111,0.350330928,-0.207442535
0.373344134,-0.371278962,0.353035731,-0.204483949
0.376530628,-0.366139294,0.355719266,-0.201517884
0.379658113,-0.361040133,0.358381859,-0.198544577
0.382728532,-0.35598054,0.361023832,-0.195564258
0.385743747,-0.35095961,0.363645513,-0.192577153
0.388705547,-0.34597647,0.366247225,-0.189583479
0.391615652,-0.341030276,0.368829295,-0.186583452
0.394475717,-0.336120211,0.371392049,-0.183577278
0.397287333,-0.331245488,0.373935813,-0.180565162
0.400052036,-0.326405342,0.376460915,-0.1775473
0.402771304,-0.321599033,0.378967681,-0.174523886
0.405446563,-0.316825844,0.381456437,-0.171495107
0.408079191,-0.312085079,0.383927512,-0.168461145
0.410670516,-0.307376061,0.386381231,-0.165422178
0.413221825,-0.302698134,0.388817921,-0.162378379
0.41573436,-0.298050661,0.391237911,-0.159329917
0.418209323,-0.29343302,0.393641527,-0.156276956
0.420647879,-0.288844607,0.396029095,-0.153219655
0.423051155,-0.284284835,0.398400942,-0.150158169
0.425420244,-0.27975313,0.400757396,-0.147092649
0.427756206,-0.275248934,0.403098782,-0.144023243
0.430060069,-0.270771702,0.405425427,-0.140950092
0.432332832,-0.266320904,0.407737656,-0.137873335
0.434575462,-0.26189602,0.410035796,-0.134793109
0.436788903,-0.257496544,0.412320173,-0.131709543
0.438974069,-0.253121982,0.414591111,-0.128622766
0.44113185,-0.248771849,0.416848937,-0.125532901
0.443263114,-0.244445673,0.419093973,-0.122440069
0.445368703,-0.240142991,0.421326546,-0.119344387
0.447449438,-0.235863352,0.423546979,-0.116245968
0.449506119,-0.231606312,0.425755597,-0.113144925
0.451539527,-0.227371438,0.427952722,-0.110041364
0.453550421,-0.223158306,0.430138679,-0.106935389
0.455539543,-0.218966498,0.43231379,-0.103827103
0.457507618,-0.214795608,0.434478378,-0.100716604
0.459455351,-0.210645236,0.436632765,-0.097603988
0.461383433,-0.206514991,0.438777273,-0.094489348
0.463292538,-0.202404487,0.440912224,-0.091372776
0.465183326,-0.198313349,0.443037939,-0.088254359
0.467056441,-0.194241206,0.44515474,-0.085134184
0.468912514,-0.190187696,0.447262946,-0.082012334
0.470752161,-0.186152462,0.449362879,-0.078888891
0.472575987,-0.182135155,0.451454858,-0.075763934
0.474384583,-0.178135431,0.453539203,-0.072637539
0.476178528,-0.174152954,0.455616233,-0.069509783
0.477958391,-0.170187391,0.457686268,-0.066380739
0.479724729,-0.166238419,0.459749626,-0.063250477
0.481478086,-0.162305716,0.461806627,-0.060119069
0.483219,-0.15838897,0.463857588,-0.056986582
0.484947996,-0.154487872,0.465902827,-0.053853083
0.486665591,-0.150602118,0.467942662,-0.050718637
0.48837229,-0.146731411,0.46997741,-0.047583307
0.490068593,-0.142875458,0.47200739,-0.044447158
0.491754989,-0.13903397,0.474032918,-0.041310249
0.493431959,-0.135206666,0.47605431,-0.038172641
0.495099977,-0.131393266,0.478071885,-0.035034393
0.496759509,-0.127593499,0.480085954,-0.031895569
0.498411014,-0.123807094,0.482096842,-0.028756208
0.500054942,-0.120033788,0.48410486,-0.025616386
0.501691738,-0.116273321,0.486110325,-0.02247615
0.503321841,-0.112525439,0.48811355,-0.019335558
0.504945682,-0.10878989,0.490114855,-0.016194663
0.506563688,-0.105066429,0.492114554,-0.013053518
0.508176277,-0.101354812,0.494112962,-0.009912181
0.509783864,-0.097654802,0.496110396,-0.006770699
0.511386858,-0.093966165,0.498107172,-0.003629129
0.512985663,-0.090288672,0.500103717,-0.000487523
0.514580677,-0.086622098,0.502100006,0.002654068
0.516172295,-0.082966219,0.504096696,0.005795586
0.517760905,-0.07932082,0.506093988,0.008936984
0.519346892,-0.075685686,0.508092198,0.012078204
0.520930638,-0.072060608,0.510091643,0.015219198
0.522512518,-0.068445381,0.512092638,0.01835991
0.524092905,-0.064839802,0.514095497,0.021500284
0.525672168,-0.061243673,0.516100539,0.024640271
0.527250673,-0.057656802,0.518108074,0.027779807
0.528828781,-0.054078996,0.520118423,0.030918844
0.530406851,-0.050510071,0.522131902,0.034057324
0.531985239,-0.046949842,0.524148826,0.037195188
0.533564297,-0.043398133,0.526169511,0.040332381
0.535144374,-0.039854767,0.528194274,0.04346884
0.536725818,-0.036319573,0.530223432,0.046604511
0.538308973,-0.032792385,0.532257303,0.049739325
0.539894181,-0.029273037,0.534296202,0.052873224
0.541481781,-0.025761371,0.536340449,0.056006144
0.543072111,-0.022257231,0.538390359,0.059138018
0.544665505,-0.018760463,0.540446251,0.062268788
0.546262298,-0.015270921,0.542508445,0.065398376
0.54786282,-0.011788458,0.544577257,0.068526716
0.549467402,-0.008312934,0.546653006,0.071653735
0.55107637,-0.004844212,0.548736011,0.07477936
0.552690051,-0.001382159,0.550826594,0.07790352
0.554308771,0.002073355,0.552925073,0.081026133
0.555932852,0.005522455,0.555031766,0.084147125
0.557562618,0.008965262,0.557146994,0.087266411
0.559198385,0.012401895,0.55927108,0.090383908
0.560923527,0.015834811,0.561404341,0.093499532
0.562489254,0.019257088,0.563547101,0.096613194
0.564144925,0.022675861,0.565699681,0.099724803
0.565807902,0.026088892,0.567862402,0.102834263
0.567478478,0.029496276,0.570035588,0.105941489
0.569156964,0.032898108,0.57221956,0.109046372
0.570843677,0.036294477,0.574414641,0.112148814
0.572538931,0.039685468,0.576621154,0.115248711
0.574243039,0.043071162,0.578839421,0.118345954
0.575956317,0.046451637,0.581069769,0.121440436
0.577679077,0.049826964,0.58331252,0.124532039
0.579411632,0.053197212,0.585568,0.127620653
0.581154296,0.056562446,0.587836531,0.130706151
0.58290738,0.059922724,0.590118439,0.133788414
0.584671199,0.063278101,0.592414048,0.136867313
0.586446064,0.066628629,0.594723688,0.139942716
0.588232288,0.069974353,0.597047681,0.14301449
0.590030184,0.073315315,0.599386353,0.146082494
0.591840066,0.076651551,0.601740031,0.149146593
0.593662246,0.079983094,0.60410904,0.152206633
0.595497037,0.083309971,0.606493708,0.155262467
0.597344753,0.086632204,0.608894359,0.158313943
0.599205709,0.08994981,0.611311324,0.161360889
0.601080218,0.093262804,0.613744925,0.164403157
0.602968596,0.096571191,0.616195492,0.167440571
0.604871156,0.099874975,0.618663352,0.170472962
0.606788216,0.103174153,0.621148829,0.173500151
0.608720091,0.106468718,0.623652251,0.176521955
0.610667097,0.109758655,0.626173944,0.179538191
0.612629553,0.113043947,0.628714238,0.18254866
0.614607775,0.116324569,0.631273456,0.185553171
0.616602082,0.119600492,0.633851926,0.188551519
0.618612793,0.122871682,0.636449973,0.191543496
0.620640228,0.126138097,0.639067923,0.194528893
0.622684707,0.129399691,0.641706101,0.197507486
0.624746552,0.132656412,0.644364835,0.200479053
0.626826083,0.135908201,0.64704444,0.203443364
0.628923623,0.139154994,0.64974525,0.206400183
0.631039496,0.142396721,0.652467586,0.209349269
0.633174024,0.145633305,0.655211772,0.212290372
0.635327534,0.148864665,0.657978124,0.215223243
0.637500349,0.152090709,0.660766969,0.218147616
0.639692796,0.155311344,0.663578626,0.221063229
0.641905202,0.158526467,0.666413413,0.223969806
0.644137894,0.161735968,0.669271651,0.226867067
0.646391199,0.164939733,0.672153658,0.229754729
0.648665448,0.16813764,0.675059749,0.232632493
0.650960968,0.171329558,0.677990238,0.23550007
0.653278091,0.174515351,0.680945441,0.238357144
0.655617146,0.177694876,0.683925671,0.241203401
0.657978466,0.180867982,0.686931235,0.244038525
0.660362381,0.184034511,0.689962446,0.246862182
0.662769225,0.187194297,0.693019611,0.24967404
0.66519933,0.190347166,0.696103038,0.252473752
0.667653029,0.193492939,0.699213026,0.255260972
0.670130656,0.196631425,0.702349881,0.258035338
0.672632546,0.199762428,0.705513901,0.260796482
0.675159032,0.202885743,0.708705382,0.263544036
0.677710449,0.206001157,0.711924626,0.266277605
0.680287133,0.209108449,0.715171918,0.268996808
0.682889418,0.212207389,0.718447551,0.271701244
0.68551764,0.215297738,0.721751814,0.274390505
0.688172133,0.21837925,0.725084989,0.277064176
0.690853233,0.221451669,0.728447357,0.27972183
0.693561275,0.22451473,0.731839199,0.282363039
0.696296595,0.227568159,0.735260786,0.284987355
0.699059525,0.230611674,0.738712392,0.287594332
0.701850401,0.233644981,0.742194283,0.290183508
0.704669557,0.23666778,0.745706725,0.292754414
0.707517326,0.239679759,0.749249976,0.295306576
0.710394039,0.242680596,0.752824292,0.297839504
0.71330003,0.245669962,0.756429923,0.300352703
0.716235629,0.248647515,0.76006712,0.302845663
0.719201166,0.251612905,0.76373612,0.305317873
0.72219697,0.25456577,0.767437162,0.307768809
0.725223369,0.257505738,0.771170482,0.310197934
0.728280688,0.260432428,0.774936301,0.312604707
0.731369254,0.263345447,0.778734843,0.314988569
0.734489388,0.266244391,0.782566323,0.317348962
0.737641413,0.269128846,0.78643095,0.319685307
0.740825647,0.271998386,0.790328929,0.321997023
0.744042409,0.274852574,0.794260457,0.324283515
0.747292013,0.277690963,0.798225727,0.326544179
0.750574773,0.280513093,0.802224917,0.328778402
0.753890997,0.283318492,0.806258208,0.330985556
0.757240995,0.286106678,0.810325768,0.33316501
0.76062507,0.288877156,0.814427758,0.335316116
0.764043523,0.291629418,0.818564334,0.337438216
0.767496653,0.294362946,0.822735641,0.339530647
0.770984754,0.297077209,0.826941817,0.34159273
0.774508116,0.299771662,0.831182991,0.34362378
0.778067027,0.302445749,0.835459283,0.345623094
0.781661768,0.305098902,0.839770802,0.347589968
0.785292618,0.307730537,0.844117655,0.349523682
0.78895985,0.310340061,0.848499926,0.351423501
0.792663732,0.312926864,0.852917705,0.353288688
0.796404528,0.315490327,0.857371285,0.355118582
0.800182496,0.318029814,0.861860274,0.356912237
0.803997887,0.320544678,0.866384949,0.358668969
0.807850948,0.323034257,0.87094535,0.360387997
0.811741919,0.325497875,0.875541502,0.362068529
0.815671032,0.327934843,0.880173421,0.363709748
0.819638515,0.330344459,0.884841107,0.365310849
0.823644586,0.332726006,0.889544554,0.366871
0.827689458,0.335078751,0.894283738,0.368389366
0.831773334,0.337401951,0.899058622,0.369865097
0.83589641,0.339694844,0.903869154,0.371297335
0.840058874,0.341956658,0.908715274,0.372685212
0.844260904,0.344186603,0.913596901,0.374027845
0.848502669,0.346383875,0.918513944,0.375324347
0.852784331,0.348547658,0.923466294,0.376573816
0.857106037,0.350677118,0.928453825,0.37777534
0.861467929,0.352771408,0.9334764,0.378928004
0.865870134,0.354829665,0.938533862,0.380030871
0.870312772,0.356851013,0.943626039,0.381083008
0.874795948,0.358834558,0.948752739,0.382083454
0.879319757,0.360779394,0.953913756,0.383031257
0.886224395,0.363644818,0.959108864,0.383925447
0.890823594,0.36550688,0.964337821,0.384765041
0.895469022,0.367329479,0.969600365,0.385549057
0.900160663,0.369111622,0.974896209,0.386276493
0.904898494,0.370852302,0.980225062,0.386946346
0.909682479,0.372550494,0.985586592,0.387557603
0.914512569,0.374205157,0.990980462,0.388109236
0.919388702,0.375815237,0.996406311,0.388600218
0.924310804,0.37737966,1.00186375,0.389029509
0.929278787,0.378897339,1.007352378,0.389396062
0.934292547,0.380367171,1.012871766,0.389698821
0.939351966,0.381788035,1.018421462,0.389936728
0.944456911,0.383158796,1.024000991,0.390108713
0.949607231,0.384478304,1.029609855,0.390213701
0.954802759,0.385745392,1.035247535,0.390250609
0.960043311,0.386958877,1.040913482,0.390218351
0.965328684,0.388117564,1.046607129,0.390115834
0.970658656,0.389220238,1.052327876,0.389941957
0.976032986,0.390265671,1.058075099,0.38969562
0.981451412,0.391252622,1.063848151,0.389375713
0.986913654,0.392179831,1.069646356,0.388981123
0.992419405,0.393046027,1.07546901,0.388510734
0.997968341,0.393849922,1.081315382,0.387963427
1.003560112,0.394590215,1.087184712,0.387338079
1.009194345,0.395265589,1.093076213,0.386633564
1.014870643,0.395874715,1.098989066,0.385848755
1.020588583,0.39641625,1.104922425,0.384982526
1.026347717,0.396888836,1.110875411,0.384033745
1.032147569,0.397291104,1.116847118,0.383001281
1.037987637,0.397621669,1.122836606,0.381884006
1.043867389,0.397879137,1.128842905,0.380680788
1.049786266,0.3980621,1.134865014,0.379390499
1.055743678,0.398169137,1.140901895,0.378012015
1.061739004,0.398198817,1.146952483,0.376544208
1.067771592,0.398149696,1.153015675,0.374985958
1.073840757,0.398020322,1.159090337,0.373336149
1.079945783,0.397809231,1.165175299,0.371593667
1.086085917,0.397514949,1.171269355,0.369757403
1.092260375,0.397135992,1.177371273,0.367826254
1.098468334,0.396670868,1.183479774,0.365799126
1.104708937,0.396118078,1.189593551,0.363674927
1.110981287,0.395476112,1.195711254,0.361452582
1.117284453,0.394743456,1.201831503,0.359131014
1.12361746,0.393918586,1.207952879,0.356709163
1.129979297,0.392999976,1.21407392,0.354185976
1.136368912,0.391986091,1.220193136,0.351560413
1.142785209,0.390875394,1.226308992,0.348831447
1.149227053,0.389666342,1.232419921,0.345998061
1.155693262,0.388357392,1.238524306,0.343059254
1.162182613,0.386946996,1.244620502,0.340014042
1.168693836,0.385433605,1.25070682,0.336861453
1.175225617,0.383815669,1.256781536,0.333600536
1.181776594,0.382091641,1.262842876,0.330230354
1.188345358,0.380259972,1.268889036,0.326749991
1.194930452,0.378319117,1.274918168,0.323158549
1.201530368,0.376267533,1.280928383,0.319455158
1.20814355,0.374103683,1.286917753,0.315638961
1.21476839,0.371826034,1.29288431,0.311709128
1.22140323,0.369433059,1.298826036,0.30766486
1.228046358,0.36692324,1.304740886,0.303505372
1.234696008,0.364295068,1.310626764,0.299229913
1.241350362,0.361547042,1.316481538,0.29483776
1.248007546,0.358677674,1.322303032,0.290328214
1.254665631,0.355685488,1.328089026,0.285700616
1.261322631,0.352569022,1.333837265,0.28095433
1.267976504,0.349326831,1.339545447,0.27608876
1.274625149,0.345957484,1.345211234,0.271103338
1.281266408,0.342459571,1.350832242,0.265997534
1.287898063,0.3388317,1.356406046,0.26077086
1.294517836,0.335072502,1.361930188,0.255422854
1.301123391,0.33118063,1.367402157,0.249953112
1.307712328,0.327154763,1.372819412,0.244361256
1.314282188,0.322993604,1.378179366,0.23864696
1.320830449,0.318695887,1.383479392,0.232809937
1.327354526,0.314260375,1.388716826,0.226849946
1.333851772,0.309685862,1.393888967,0.220766796
1.340319476,0.304971178,1.398993063,0.214560343
1.346754864,0.300115187,1.404026341,0.208230493
1.353155098,0.295116792,1.408985976,0.201777206
1.359517275,0.289974934,1.413869116,0.19520049
1.365838427,0.284688598,1.41867286,0.188500416
1.372115522,0.279256812,1.423394283,0.181677103
1.378345461,0.27367865,1.428030417,0.174730734
1.384525084,0.267953235,1.432578256,0.167661547
1.390651161,0.26207974,1.437034771,0.160469846
1.3967204,0.256057393,1.441396892,0.153155994
1.402729441,0.249885475,1.445661513,0.145720417
1.408674861,0.243563326,1.449825507,0.138163621
1.414553171,0.237090347,1.453885706,0.130486159
1.420360818,0.230466001,1.457838917,0.122688665
1.426094184,0.223689816,1.461681916,0.114771844
1.431749585,0.216761388,1.465411456,0.106736471
1.437323277,0.209680385,1.46902426,0.098583397
1.44281145,0.202446547,1.472517022,0.090313547
1.448210231,0.19505969,1.475886423,0.08192793
1.453515686,0.18751971,1.479129108,0.073427624
1.45872382,0.179826582,1.482241711,0.064813796
1.463830577,0.171980369,1.485220841,0.056087693
1.468831841,0.163981216,1.48806309,0.047250647
1.473723438,0.155829364,1.490765036,0.038304074
1.478501136,0.147525143,1.493323233,0.029249477
1.483160646,0.139068981,1.495734239,0.020088459
1.487697626,0.130461403,1.497994581,0.010822697
1.492107677,0.121703038,1.500100794,0.001453969
1.496386351,0.112794618,1.502049379,-0.008015853
1.500529146,0.103736986,1.50383686,-0.017584802
1.504531515,0.094531093,1.505459747,-0.027250817
1.50838886,0.085178006,1.506914543,-0.037011733
1.512096539,0.075678909,1.508197756,-0.046865292
1.515649868,0.066035105,1.509305896,-0.05680913
1.519044121,0.056248024,1.510235477,-0.066840778
1.522274531,0.04631922,1.510983024,-0.076957672
1.525336299,0.036250376,1.511545064,-0.087157129
1.528224588,0.02604331,1.511918146,-0.097436375
1.530934532,0.015699975,1.512098829,-0.107792517
1.533461235,0.005222465,1.51208369,-0.118222557
1.535799778,-0.005386987,1.51186933,-0.128723385
1.537945216,-0.016126,1.511452366,-0.13929178
1.539892587,-0.026992046,1.510829451,-0.14992441
1.541636912,-0.037982445,1.509997252,-0.160617822
1.543174452,-0.049094402,1.508952486,-0.171368461
1.544496457,-0.060324806,1.507691895,-0.18217265
1.545601676,-0.071670626,1.506212263,-0.193026593
1.546483846,-0.083128504,1.504510414,-0.20392638
1.547137968,-0.094694961,1.502583216,-0.214867984
1.547559047,-0.106366347,1.500427589,-0.225847258
1.5477421,-0.118138839,1.498040502,-0.236859935
1.547682159,-0.130008442,1.495418981,-0.247901632
1.547374278,-0.141970983,1.492560112,-0.258967846
1.546813538,-0.154022112,1.489461038,-0.270053947
1.545995048,-0.166157293,1.486118983,-0.281155197
1.544913956,-0.178371812,1.482531221,-0.292266725
1.54356545,-0.190660763,1.478695116,-0.303383546
1.541944767,-0.203019057,1.474608104,-0.314500552
1.540047194,-0.21544141,1.470267705,-0.325612518
1.537868079,-0.227922348,1.465671521,-0.336714098
1.535402835,-0.240456205,1.460817247,-0.347799818
1.532646943,-0.253037118,1.455702679,-0.358864101
1.529595965,-0.265659025,1.450325699,-0.369901236
1.526245545,-0.278315669,1.444684303,-0.380905403
1.522591417,-0.291000593,1.438776589,-0.391870664
1.518629414,-0.303707137,1.432600765,-0.402790956
1.514355473,-0.316428444,1.426155159,-0.413660113
1.509765642,-0.329157453,1.41943822,-0.424471845
1.504856088,-0.3418869,1.412448515,-0.435219764
1.499623104,-0.35460932,1.405184749,-0.445897351
1.49406312,-0.367317046,1.397645758,-0.456497993
1.488172703,-0.380002207,1.389830514,-0.467014965
1.481948575,-0.392656731,1.381738138,-0.477441429
1.475387611,-0.405272345,1.373367891,-0.487770455
1.468486855,-0.417840578,1.364719195,-0.497995007
1.461243524,-0.430352755,1.355791621,-0.508107945
1.453655019,-0.442800008,1.346584908,-0.518102039
1.445718931,-0.455173271,1.337098961,-0.527969963
1.437433052,-0.467463286,1.327333854,-0.5377043
1.428795382,-0.4796606,1.317289835,-0.547297542
1.419804138,-0.491755574,1.306967339,-0.556742101
1.410457766,-0.503738383,1.296366981,-0.566030307
1.400754945,-0.515599018,1.285489567,-0.575154409
1.3906946,-0.527327291,1.274336099,-0.584106582
1.38027591,-0.538912839,1.262907777,-0.592878937
1.369498318,-0.550345127,1.251205999,-0.601463513
1.358361537,-0.561613457,1.23923239,-0.609852287
1.346865564,-0.572706965,1.226988764,-0.618037184
1.335010686,-0.583614634,1.214477165,-0.62601007
1.322797491,-0.594325295,1.201699858,-0.63376277
1.310226878,-0.604827637,1.188659326,-0.641287059
1.297300062,-0.615110209,1.175358294,-0.648574683
1.28401859,-0.625161431,1.161799706,-0.655617345
1.270384345,-0.634969598,1.147986762,-0.662406735
1.256399557,-0.644522892,1.133922888,-0.668934512
1.242066814,-0.653809387,1.119611763,-0.675192325
1.227389066,-0.662817056,1.105057322,-0.681171816
1.21236964,-0.671533786,1.090263733,-0.68686462
1.197012245,-0.679947383,1.075235443,-0.692262383
1.181320982,-0.688045582,1.059977147,-0.697356757
1.165300354,-0.695816061,1.044493805,-0.702139422
1.148955269,-0.703246446,1.028790647,-0.706602073
1.132291057,-0.710324331,1.012873169,-0.710736443
1.115313468,-0.71703728,0.996747138,-0.71453431
1.098028688,-0.723372847,0.980418601,-0.717987495
1.080443342,-0.729318587,0.963893877,-0.72108788
1.062564504,-0.734862066,0.947179564,-0.723827407
1.044399701,-0.73999088,0.930282548,-0.726198096
1.025956922,-0.744692664,0.913209989,-0.728192051
1.007244623,-0.748955111,0.895969339,-0.72980146
0.988271733,-0.752765986,0.878568328,-0.731018617
0.969047661,-0.75611314,0.861014989,-0.73183592
0.9495823,-0.758984529,0.843317625,-0.73224589
0.92988603,-0.761368227,0.825484837,-0.732241172
0.909969727,-0.763252448,0.807525515,-0.731814546
0.889844762,-0.76462556,0.789448836,-0.730958946
0.869523006,-0.765476104,0.771264268,-0.729667456
0.849016833,-0.765792811,0.752981565,-0.727933333
0.828339123,-0.765564624,0.734610774,-0.725750006
0.807503261,-0.764780716,0.716162224,-0.723111091
0.786523141,-0.763430508,0.697646529,-0.720010403
0.765413164,-0.761503691,0.679074594,-0.716441972
0.744188238,-0.758990246,0.660457595,-0.712400035
0.722863779,-0.755880466,0.641806994,-0.707879065
0.701455706,-0.752164973,0.623134529,-0.702873777
0.679980442,-0.747834746,0.604452211,-0.697379135
0.658454906,-0.742881138,0.585772323,-0.691390366
0.636896515,-0.737295899,0.567107408,-0.68490297
0.615323175,-0.731071199,0.548470277,-0.677912731
0.593753274,-0.724199652,0.529873995,-0.67041573
0.57220568,-0.716674336,0.511331883,-0.662408356
0.550699729,-0.708488818,0.492857505,-0.653887313
0.529255221,-0.699637176,0.474464663,-0.644849635
0.507892405,-0.690114023,0.456167405,-0.635292698
0.486631972,-0.679914532,0.437979999,-0.625214226
0.465495046,-0.669034455,0.419916933,-0.614612316
0.444503165,-0.657470152,0.401992912,-0.603485423
0.423678273,-0.645218609,0.384222845,-0.591832395
0.403042704,-0.632277467,0.366621839,-0.579652478
0.382619164,-0.61864504,0.349205186,-0.566945313
0.362430718,-0.604320342,0.331988361,-0.553710976
0.34250077,-0.589303108,0.314987004,-0.539949955
0.322853044,-0.573593818,0.298216917,-0.525663185
0.303511565,-0.557193719,0.281694048,-0.510852041
0.284500635,-0.540104848,0.265434483,-0.495518362
0.265844814,-0.522330051,0.249454429,-0.479664458
0.247568895,-0.503873008,0.233770212,-0.463293102
0.229697878,-0.484738253,0.218398252,-0.446407575
0.212256944,-0.464931193,0.203355059,-0.429011639
0.19527143,-0.444458127,0.188657217,-0.411109566
0.1787668,-0.423326272,0.174321368,-0.39270614
0.162768611,-0.401543771,0.1603642,-0.373806669