index, F0 Ag.x, F0 Ag.y, F1 Ag.x, F1 Ag.y, F2 Ag.x, F2 Ag.y, F3 Ag.x, F3 Ag.y, F4 Ag.x, F4 Ag.y
0.0001, NaN,NaN, 1.41421,-0.00185, 1.22474,-0.00156, 1.15470,-0.00146, 1.11803,-0.00141
0.0051, NaN,NaN, 1.41106,-0.09444, 1.22216,-0.07960, 1.15229,-0.07452, 1.11572,-0.07194
0.0101, NaN,NaN, 1.40180,-0.18693, 1.21458,-0.15747, 1.14526,-0.14738, 1.10895,-0.14226
0.0151, NaN,NaN, 1.38644,-0.27891, 1.20202,-0.23486, 1.13360,-0.21975, 1.09773,-0.21210
0.0201, NaN,NaN, 1.36496,-0.36998, 1.18449,-0.31143, 1.11734,-0.29134, 1.08211,-0.28115
0.0251, NaN,NaN, 1.33741,-0.45972, 1.16204,-0.38686, 1.09654,-0.36185, 1.06211,-0.34916
0.0301, NaN,NaN, 1.30385,-0.54771, 1.13473,-0.46085, 1.07125,-0.43099, 1.03783,-0.41583
0.0351, NaN,NaN, 1.26436,-0.63355, 1.10265,-0.53306, 1.04157,-0.49847, 1.00932,-0.48090
0.0401, NaN,NaN, 1.21908,-0.71683, 1.06591,-0.60319, 1.00759,-0.56401, 0.97671,-0.54410
0.0451, NaN,NaN, 1.16815,-0.79714, 1.02462,-0.67093, 0.96943,-0.62733, 0.94009,-0.60516
0.0501, NaN,NaN, 1.11175,-0.87408, 0.97894,-0.73599, 0.92723,-0.68817, 0.89962,-0.66383
0.0551, NaN,NaN, 1.05008,-0.94728, 0.92904,-0.79805, 0.88116,-0.74625, 0.85545,-0.71987
0.0601, NaN,NaN, 0.98338,-1.01635, 0.87510,-0.85686, 0.83138,-0.80134, 0.80773,-0.77302
0.0651, NaN,NaN, 0.91191,-1.08093, 0.81732,-0.91213, 0.77809,-0.85318, 0.75666,-0.82308
0.0701, NaN,NaN, 0.83597,-1.14068, 0.75594,-0.96361, 0.72149,-0.90155, 0.70244,-0.86982
0.0751, NaN,NaN, 0.75586,-1.19527, 0.69120,-1.01106, 0.66181,-0.94623, 0.64527,-0.91303
0.0801, NaN,NaN, 0.67194,-1.24439, 0.62336,-1.05424, 0.59927,-0.98702, 0.58538,-0.95254
0.0851, NaN,NaN, 0.58455,-1.28775, 0.55269,-1.09295, 0.53414,-1.02373, 0.52301,-0.98816
0.0901, NaN,NaN, 0.49410,-1.32509, 0.47948,-1.12699, 0.46668,-1.05619, 0.45842,-1.01973
0.0951, NaN,NaN, 0.40098,-1.35618, 0.40404,-1.15618, 0.39715,-1.08425, 0.39185,-1.04712
0.1001, NaN,NaN, 0.30564,-1.38079, 0.32669,-1.18037, 0.32585,-1.10777, 0.32358,-1.07018
0.1051, NaN,NaN, 0.20851,-1.39876, 0.24776,-1.19942, 0.25307,-1.12663, 0.25390,-1.08882
0.1101, NaN,NaN, 0.11005,-1.40993, 0.16758,-1.21323, 0.17912,-1.14072, 0.18308,-1.10294
0.1151, NaN,NaN, 0.01075,-1.41417, 0.08651,-1.22169, 0.10430,-1.14998, 0.11141,-1.11247
0.1201, NaN,NaN, -0.08891,-1.41142, 0.00490,-1.22474, 0.02893,-1.15434, 0.03921,-1.11735
0.1251, NaN,NaN, -0.18843,-1.40160, -0.07689,-1.22233, -0.04667,-1.15376, -0.03324,-1.11754
0.1301, NaN,NaN, -0.28732,-1.38472, -0.15849,-1.21445, -0.12217,-1.14822, -0.10563,-1.11303
0.1351, NaN,NaN, -0.38505,-1.36079, -0.23954,-1.20109, -0.19725,-1.13773, -0.17765,-1.10383
0.1401, NaN,NaN, -0.48112,-1.32986, -0.31965,-1.18229, -0.27158,-1.12231, -0.24900,-1.08995
0.1451, NaN,NaN, -0.57502,-1.29203, -0.39848,-1.15811, -0.34484,-1.10201, -0.31937,-1.07145
0.1501, NaN,NaN, -0.66625,-1.24744, -0.47563,-1.12862, -0.41669,-1.07689, -0.38846,-1.04838
0.1551, NaN,NaN, -0.75430,-1.19626, -0.55077,-1.09392, -0.48684,-1.04705, -0.45597,-1.02083
0.1601, NaN,NaN, -0.83869,-1.13869, -0.62352,-1.05414, -0.55495,-1.01260, -0.52162,-0.98890
0.1651, NaN,NaN, -0.91893,-1.07497, -0.69355,-1.00945, -0.62072,-0.97367, -0.58510,-0.95271
0.1701, NaN,NaN, -0.99457,-1.00540, -0.76050,-0.96002, -0.68386,-0.93041, -0.64615,-0.91241
0.1751, NaN,NaN, -1.06516,-0.93029, -0.82406,-0.90605, -0.74408,-0.88299, -0.70450,-0.86815
0.1801, NaN,NaN, -1.13027,-0.84999, -0.88391,-0.84776, -0.80109,-0.83162, -0.75988,-0.82011
0.1851, NaN,NaN, -1.18951,-0.76489, -0.93975,-0.78542, -0.85463,-0.77649, -0.81205,-0.76849
0.1901, NaN,NaN, -1.24251,-0.67541, -0.99128,-0.71927, -0.90446,-0.71784, -0.86077,-0.71350
0.1951, NaN,NaN, -1.28891,-0.58199, -1.03826,-0.64963, -0.95032,-0.65591, -0.90581,-0.65536
0.2001, NaN,NaN, -1.32840,-0.48513, -1.08042,-0.57679, -0.99201,-0.59098, -0.94698,-0.59433
0.2051, NaN,NaN, -1.36071,-0.38531, -1.11755,-0.50108, -1.02931,-0.52331, -0.98408,-0.53064
0.2101, NaN,NaN, -1.38560,-0.28307, -1.14943,-0.42286, -1.06204,-0.45320, -1.01694,-0.46458
0.2151, NaN,NaN, -1.40285,-0.17895, -1.17589,-0.34247, -1.09005,-0.38096, -1.04539,-0.39642
0.2201, NaN,NaN, -1.41230,-0.07354, -1.19677,-0.26029, -1.11317,-0.30691, -1.06931,-0.32646
0.2251, NaN,NaN, -1.41384,0.03260, -1.21193,-0.17672, -1.13128,-0.23137, -1.08857,-0.25499
0.2301, NaN,NaN, -1.40738,0.13885, -1.22127,-0.09213, -1.14429,-0.15467, -1.10307,-0.18233
0.2351, NaN,NaN, -1.39290,0.24463, -1.22473,-0.00695, -1.15212,-0.07717, -1.11273,-0.10879
0.2401, NaN,NaN, -1.37040,0.34930, -1.22223,0.07842, -1.15470,0.00078, -1.11750,-0.03469
0.2451, NaN,NaN, -1.33995,0.45227, -1.21377,0.16357, -1.15201,0.07884, -1.11733,0.03964
0.2501, NaN,NaN, -1.30165,0.55291, -1.19936,0.24807, -1.14403,0.15664, -1.11222,0.11387
0.2551, NaN,NaN, -1.25567,0.65062, -1.17903,0.33150, -1.13078,0.23382, -1.10217,0.18767
0.2601, NaN,NaN, -1.20220,0.74479, -1.15285,0.41346, -1.11230,0.31003, -1.08721,0.26072
0.2651, NaN,NaN, -1.14150,0.83485, -1.12091,0.49351, -1.08866,0.38491, -1.06739,0.33269
0.2701, NaN,NaN, -1.07387,0.92022, -1.08336,0.57126, -1.05994,0.45810, -1.04278,0.40324
0.2751, NaN,NaN, -0.99965,1.00035, -1.04033,0.64630, -1.02626,0.52926, -1.01349,0.47206
0.2801, NaN,NaN, -0.91924,1.07471, -0.99203,0.71825, -0.98776,0.59805, -0.97962,0.53884
0.2851, NaN,NaN, -0.83307,1.14280, -0.93866,0.78672, -0.94459,0.66414, -0.94131,0.60327
0.2901, NaN,NaN, -0.74161,1.20417, -0.88046,0.85134, -0.89695,0.72720, -0.89873,0.66505
0.2951, NaN,NaN, -0.64538,1.25837, -0.81771,0.91178, -0.84502,0.78693, -0.85204,0.72389
0.3001, NaN,NaN, -0.54493,1.30501, -0.75070,0.96770, -0.78906,0.84304, -0.80146,0.77953
0.3051, NaN,NaN, -0.44084,1.34375, -0.67975,1.01880, -0.72929,0.89525, -0.74719,0.83169
0.3101, NaN,NaN, -0.33374,1.37427, -0.60519,1.06477, -0.66600,0.94328, -0.68948,0.88012
0.3151, NaN,NaN, -0.22426,1.39632, -0.52740,1.10537, -0.59946,0.98690, -0.62857,0.92461
0.3201, NaN,NaN, -0.11308,1.40969, -0.44676,1.14035, -0.52998,1.02589, -0.56473,0.96493
0.3251, NaN,NaN, -0.00089,1.41421, -0.36367,1.16951, -0.45789,1.06003, -0.49824,1.00088
0.3301, NaN,NaN, 0.11162,1.40980, -0.27854,1.19265, -0.38351,1.08915, -0.42941,1.03228
0.3351, NaN,NaN, 0.22373,1.39640, -0.19182,1.20963, -0.30720,1.11309, -0.35853,1.05899
0.3401, NaN,NaN, 0.33471,1.37404, -0.10394,1.22033, -0.22931,1.13170, -0.28594,1.08085
0.3451, NaN,NaN, 0.44383,1.34276, -0.01536,1.22465, -0.15021,1.14489, -0.21195,1.09776
0.3501, NaN,NaN, 0.55038,1.30272, 0.07345,1.22254, -0.07028,1.15256, -0.13690,1.10962
0.3551, NaN,NaN, 0.65363,1.25410, 0.16203,1.21398, 0.01009,1.15466, -0.06115,1.11636
0.3601, NaN,NaN, 0.75289,1.19714, 0.24991,1.19898, 0.09051,1.15115, 0.01496,1.11793
0.3651, NaN,NaN, 0.84747,1.13216, 0.33662,1.17758, 0.17060,1.14203, 0.09109,1.11432
0.3701, NaN,NaN, 0.93670,1.05953, 0.42168,1.14986, 0.24996,1.12732, 0.16687,1.10551
0.3751, NaN,NaN, 1.01993,0.97966, 0.50463,1.11595, 0.32820,1.10708, 0.24194,1.09154
0.3801, NaN,NaN, 1.09658,0.89303, 0.58502,1.07599, 0.40492,1.08137, 0.31597,1.07246
0.3851, NaN,NaN, 1.16607,0.80018, 0.66240,1.03016, 0.47976,1.05032, 0.38859,1.04833
0.3901, NaN,NaN, 1.22786,0.70168, 0.73633,0.97869, 0.55232,1.01404, 0.45946,1.01926
0.3951, NaN,NaN, 1.28149,0.59815, 0.80639,0.92181, 0.62225,0.97270, 0.52824,0.98537
0.4001, NaN,NaN, 1.32651,0.49027, 0.87218,0.85982, 0.68917,0.92648, 0.59461,0.94681
0.4051, NaN,NaN, 1.36255,0.37875, 0.93333,0.79303, 0.75276,0.87560, 0.65823,0.90373
0.4101, NaN,NaN, 1.38929,0.26432, 0.98946,0.72178, 0.81268,0.82029, 0.71881,0.85634
0.4151, NaN,NaN, 1.40647,0.14776, 1.04025,0.64643, 0.86862,0.76081, 0.77604,0.80484
0.4201, NaN,NaN, 1.41390,0.02987, 1.08539,0.56739, 0.92027,0.69745, 0.82965,0.74946
0.4251, NaN,NaN, 1.41144,-0.08854, 1.12459,0.48507, 0.96737,0.63050, 0.87936,0.69046
0.4301, NaN,NaN, 1.39904,-0.20663, 1.15761,0.39992, 1.00966,0.56029, 0.92492,0.62811
0.4351, NaN,NaN, 1.37670,-0.32356, 1.18423,0.31239, 1.04690,0.48716, 0.96612,0.56269
0.4401, NaN,NaN, 1.34452,-0.43850, 1.20428,0.22297, 1.07890,0.41148, 1.00272,0.49451
0.4451, NaN,NaN, 1.30263,-0.55059, 1.21760,0.13214, 1.10546,0.33361, 1.03456,0.42390
0.4501, NaN,NaN, 1.25128,-0.65901, 1.22408,0.04041, 1.12643,0.25394, 1.06145,0.35117
0.4551, NaN,NaN, 1.19076,-0.76295, 1.22365,-0.05170, 1.14169,0.17288, 1.08326,0.27668
0.4601, NaN,NaN, 1.12144,-0.86162, 1.21629,-0.14367, 1.15112,0.09084, 1.09986,0.20077
0.4651, NaN,NaN, 1.04375,-0.95424, 1.20199,-0.23498, 1.15467,0.00822, 1.11116,0.12382
0.4701, NaN,NaN, 0.95821,-1.04011, 1.18081,-0.32511, 1.15229,-0.07454, 1.11708,0.04619
0.4751, NaN,NaN, 0.86540,-1.11852, 1.15282,-0.41352, 1.14397,-0.15702, 1.11758,-0.03174
0.4801, NaN,NaN, 0.76593,-1.18884, 1.11817,-0.49970, 1.12974,-0.23879, 1.11265,-0.10959
0.4851, NaN,NaN, 0.66051,-1.25049, 1.07700,-0.58315, 1.10964,-0.31944, 1.10229,-0.18699
0.4901, NaN,NaN, 0.54989,-1.30293, 1.02954,-0.66336, 1.08375,-0.39852, 1.08653,-0.26355
0.4951, NaN,NaN, 0.43485,-1.34570, 0.97602,-0.73985, 1.05219,-0.47563, 1.06543,-0.33890
0.5001, NaN,NaN, 0.31623,-1.37840, 0.91672,-0.81217, 1.01511,-0.55035, 1.03909,-0.41266
0.5051, NaN,NaN, 0.19491,-1.40072, 0.85197,-0.87985, 0.97267,-0.62229, 1.00761,-0.48447
0.5101, NaN,NaN, 0.07181,-1.41239, 0.78212,-0.94249, 0.92508,-0.69106, 0.97115,-0.55396
0.5151, NaN,NaN, -0.05215,-1.41325, 0.70755,-0.99969, 0.87257,-0.75628, 0.92985,-0.62079
0.5201, NaN,NaN, -0.17602,-1.40322, 0.62867,-1.05108, 0.81539,-0.81760, 0.88391,-0.68462
0.5251, NaN,NaN, -0.29882,-1.38228, 0.54595,-1.09633, 0.75384,-0.87468, 0.83355,-0.74512
0.5301, NaN,NaN, -0.41961,-1.35053, 0.45984,-1.13514, 0.68822,-0.92719, 0.77900,-0.80197
0.5351, NaN,NaN, -0.53740,-1.30813, 0.37085,-1.16725, 0.61886,-0.97485, 0.72052,-0.85490
0.5401, NaN,NaN, -0.65126,-1.25533, 0.27950,-1.19243, 0.54613,-1.01739, 0.65839,-0.90362
0.5451, NaN,NaN, -0.76024,-1.19249, 0.18631,-1.21049, 0.47040,-1.05454, 0.59291,-0.94787
0.5501, NaN,NaN, -0.86346,-1.12002, 0.09186,-1.22130, 0.39205,-1.08611, 0.52440,-0.98742
0.5551, NaN,NaN, -0.96003,-1.03843, -0.00331,-1.22474, 0.31151,-1.11189, 0.45320,-1.02206
0.5601, NaN,NaN, -1.04914,-0.94832, -0.09861,-1.22077, 0.22919,-1.13173, 0.37965,-1.05160
0.5651, NaN,NaN, -1.13001,-0.85035, -0.19347,-1.20937, 0.14554,-1.14549, 0.30411,-1.07588
0.5701, NaN,NaN, -1.20192,-0.74525, -0.28730,-1.19057, 0.06100,-1.15309, 0.22696,-1.09475
0.5751, NaN,NaN, -1.26422,-0.63383, -0.37953,-1.16446, -0.02397,-1.15445, 0.14859,-1.10812
0.5801, NaN,NaN, -1.31634,-0.51697, -0.46957,-1.13115, -0.10892,-1.14955, 0.06940,-1.11588
0.5851, NaN,NaN, -1.35776,-0.39558, -0.55687,-1.09082, -0.19338,-1.13839, -0.01023,-1.11799
0.5901, NaN,NaN, -1.38808,-0.27063, -0.64087,-1.04369, -0.27689,-1.12101, -0.08989,-1.11441
0.5951, NaN,NaN, -1.40695,-0.14314, -0.72103,-0.99001, -0.35899,-1.09748, -0.16916,-1.10516
0.6001, NaN,NaN, -1.41414,-0.01415, -0.79684,-0.93008, -0.43922,-1.06791, -0.24765,-1.09026
0.6051, NaN,NaN, -1.40951,0.11527, -0.86779,-0.86425, -0.51713,-1.03243, -0.32495,-1.06977
0.6101, NaN,NaN, -1.39300,0.24402, -0.93343,-0.79291, -0.59229,-0.99122, -0.40066,-1.04378
0.6151, NaN,NaN, -1.36468,0.37101, -0.99331,-0.71647, -0.66428,-0.94450, -0.47438,-1.01240
0.6201, NaN,NaN, -1.32470,0.49515, -1.04703,-0.63540, -0.73267,-0.89248, -0.54574,-0.97579
0.6251, NaN,NaN, -1.27332,0.61535, -1.09421,-0.55018, -0.79708,-0.83546, -0.61436,-0.93411
0.6301, NaN,NaN, -1.21090,0.73056, -1.13454,-0.46133, -0.85714,-0.77372, -0.67987,-0.88757
0.6351, NaN,NaN, -1.13790,0.83975, -1.16770,-0.36941, -0.91249,-0.70759, -0.74193,-0.83639
0.6401, NaN,NaN, -1.05489,0.94192, -1.19347,-0.27499, -0.96282,-0.63743, -0.80020,-0.78082
0.6451, NaN,NaN, -0.96250,1.03614, -1.21164,-0.17865, -1.00781,-0.56362, -0.85437,-0.72115
0.6501, NaN,NaN, -0.86150,1.12153, -1.22206,-0.08102, -1.04719,-0.48655, -0.90415,-0.65766
0.6551, NaN,NaN, -0.75270,1.19727, -1.22462,0.01730, -1.08073,-0.40665, -0.94926,-0.59068
0.6601, NaN,NaN, -0.63700,1.26263, -1.21927,0.11565, -1.10821,-0.32435, -0.98945,-0.52056
0.6651, NaN,NaN, -0.51540,1.31695, -1.20601,0.21341, -1.12946,-0.24013, -1.02451,-0.44764
0.6701, NaN,NaN, -0.38893,1.35968, -1.18488,0.30994, -1.14433,-0.15444, -1.05423,-0.37230
0.6751, NaN,NaN, -0.25870,1.39035, -1.15598,0.40460, -1.15271,-0.06778, -1.07843,-0.29493
0.6801, NaN,NaN, -0.12584,1.40860, -1.11948,0.49676, -1.15454,0.01938, -1.09698,-0.21594
0.6851, NaN,NaN, 0.00846,1.41419, -1.07557,0.58580, -1.14978,0.10653, -1.10976,-0.13573
0.6901, NaN,NaN, 0.14299,1.40697, -1.02450,0.67112, -1.13843,0.19317, -1.11669,-0.05472
0.6951, NaN,NaN, 0.27652,1.38692, -0.96658,0.75214, -1.12053,0.27881, -1.11772,0.02665
0.7001, NaN,NaN, 0.40782,1.35413, -0.90217,0.82831, -1.09618,0.36295, -1.11281,0.10796
0.7051, NaN,NaN, 0.53568,1.30884, -0.83166,0.89908, -1.06547,0.44509, -1.10198,0.18877
0.7101, NaN,NaN, 0.65888,1.25135, -0.75549,0.96397, -1.02857,0.52476, -1.08528,0.26866
0.7151, NaN,NaN, 0.77625,1.18214, -0.67415,1.02251, -0.98567,0.60149, -1.06276,0.34719
0.7201, NaN,NaN, 0.88665,1.10175, -0.58816,1.07428, -0.93699,0.67481, -1.03454,0.42393
0.7251, NaN,NaN, 0.98900,1.01088, -0.49807,1.11889, -0.88281,0.74430, -1.00076,0.49848
0.7301, NaN,NaN, 1.08229,0.91030, -0.40449,1.15602, -0.82341,0.80952, -0.96157,0.57043
0.7351, NaN,NaN, 1.16557,0.80091, -0.30801,1.18538, -0.75913,0.87009, -0.91717,0.63938
0.7401, NaN,NaN, 1.23798,0.68367, -0.20930,1.20673, -0.69032,0.92563, -0.86779,0.70495
0.7451, NaN,NaN, 1.29876,0.55966, -0.10901,1.21988, -0.61737,0.97580, -0.81367,0.76677
0.7501, NaN,NaN, 1.34725,0.43003, -0.00782,1.22472, -0.54071,1.02028, -0.75511,0.82451
0.7551, NaN,NaN, 1.38290,0.29597, 0.09358,1.22116, -0.46076,1.05879, -0.69239,0.87783
0.7601, NaN,NaN, 1.40527,0.15876, 0.19450,1.20920, -0.37799,1.09108, -0.62586,0.92644
0.7651, NaN,NaN, 1.41408,0.01970, 0.29422,1.18888, -0.29289,1.11694, -0.55587,0.97006
0.7701, NaN,NaN, 1.40913,-0.11985, 0.39206,1.16030, -0.20594,1.13619, -0.48277,1.00843
0.7751, NaN,NaN, 1.39038,-0.25853, 0.48733,1.12361, -0.11766,1.14869, -0.40697,1.04133
0.7801, NaN,NaN, 1.35794,-0.39498, 0.57935,1.07905, -0.02858,1.15435, -0.32888,1.06857
0.7851, NaN,NaN, 1.31202,-0.52783, 0.66746,1.02689, 0.06078,1.15310, -0.24890,1.08998
0.7901, NaN,NaN, 1.25300,-0.65574, 0.75103,0.96744, 0.14987,1.14493, -0.16749,1.10542
0.7951, NaN,NaN, 1.18138,-0.77740, 0.82945,0.90111, 0.23817,1.12987, -0.08507,1.11479
0.8001, NaN,NaN, 1.09779,-0.89155, 0.90214,0.82833, 0.32513,1.10798, -0.00211,1.11803
0.8051, NaN,NaN, 1.00300,-0.99699, 0.96857,0.74958, 0.41024,1.07937, 0.08094,1.11510
0.8101, NaN,NaN, 0.89788,-1.09261, 1.02822,0.66540, 0.49295,1.04419, 0.16362,1.10600
0.8151, NaN,NaN, 0.78345,-1.17737, 1.08065,0.57636, 0.57277,1.00263, 0.24547,1.09075
0.8201, NaN,NaN, 0.66080,-1.25034, 1.12545,0.48307, 0.64920,0.95492, 0.32603,1.06944
0.8251, NaN,NaN, 0.53113,-1.31069, 1.16227,0.38618, 0.72175,0.90133, 0.40486,1.04216
0.8301, NaN,NaN, 0.39574,-1.35771, 1.19079,0.28638, 0.78998,0.84218, 0.48151,1.00904
0.8351, NaN,NaN, 0.25598,-1.39085, 1.21079,0.18436, 0.85345,0.77779, 0.55553,0.97025
0.8401, NaN,NaN, 0.11328,-1.40967, 1.22207,0.08086, 0.91175,0.70855, 0.62652,0.92600
0.8451, NaN,NaN, -0.03091,-1.41388, 1.22452,-0.02338, 0.96450,0.63488, 0.69406,0.87652
0.8501, NaN,NaN, -0.17508,-1.40333, 1.21808,-0.12760, 1.01137,0.55720, 0.75777,0.82206
0.8551, NaN,NaN, -0.31773,-1.37806, 1.20275,-0.23105, 1.05203,0.47599, 0.81727,0.76294
0.8601, NaN,NaN, -0.45733,-1.33823, 1.17861,-0.33297, 1.08622,0.39173, 0.87222,0.69945
0.8651, NaN,NaN, -0.59239,-1.28416, 1.14580,-0.43260, 1.11371,0.30494, 0.92230,0.63196
0.8701, NaN,NaN, -0.72144,-1.21636, 1.10452,-0.52919, 1.13429,0.21616, 0.96720,0.56082
0.8751, NaN,NaN, -0.84308,-1.13544, 1.05503,-0.62203, 1.14781,0.12593, 1.00666,0.48645
0.8801, NaN,NaN, -0.95595,-1.04219, 0.99766,-0.71040, 1.15418,0.03480, 1.04044,0.40924
0.8851, NaN,NaN, -1.05877,-0.93755, 0.93281,-0.79364, 1.15331,-0.05665, 1.06834,0.32963
0.8901, NaN,NaN, -1.15038,-0.82257, 0.86093,-0.87109, 1.14520,-0.14784, 1.09017,0.24806
0.8951, NaN,NaN, -1.22972,-0.69843, 0.78252,-0.94216, 1.12986,-0.23821, 1.10579,0.16501
0.9001, NaN,NaN, -1.29582,-0.56643, 0.69814,-1.00628, 1.10738,-0.32717, 1.11510,0.08093
0.9051, NaN,NaN, -1.34791,-0.42796, 0.60839,-1.06295, 1.07787,-0.41417, 1.11803,-0.00369
0.9101, NaN,NaN, -1.38530,-0.28451, 0.51393,-1.11170, 1.04148,-0.49864, 1.11454,-0.08836
0.9151, NaN,NaN, -1.40750,-0.13762, 0.41546,-1.15213, 0.99844,-0.58004, 1.10463,-0.17260
0.9201, NaN,NaN, -1.41417,0.01109, 0.31370,-1.18389, 0.94899,-0.65783, 1.08835,-0.25593
0.9251, NaN,NaN, -1.40514,0.15998, 0.20940,-1.20671, 0.89343,-0.73152, 1.06576,-0.33786
0.9301, NaN,NaN, -1.38040,0.30739, 0.10336,-1.22038, 0.83209,-0.80060, 1.03699,-0.41790
0.9351, NaN,NaN, -1.34015,0.45167, -0.00362,-1.22474, 0.76534,-0.86463, 1.00219,-0.49560
0.9401, NaN,NaN, -1.28473,0.59115, -0.11073,-1.21973, 0.69360,-0.92318, 0.96153,-0.57049
0.9451, NaN,NaN, -1.21469,0.72424, -0.21715,-1.20534, 0.61731,-0.97584, 0.91524,-0.64214
0.9501, NaN,NaN, -1.13072,0.84939, -0.32205,-1.18164, 0.53695,-1.02226, 0.86357,-0.71010
0.9551, NaN,NaN, -1.03371,0.96511, -0.42461,-1.14878, 0.45302,-1.06212, 0.80682,-0.77398
0.9601, NaN,NaN, -0.92467,1.07004, -0.52403,-1.10697, 0.36606,-1.09514, 0.74529,-0.83339
0.9651, NaN,NaN, -0.80480,1.16288, -0.61952,-1.05650, 0.27663,-1.12108, 0.67934,-0.88797
0.9701, NaN,NaN, -0.67540,1.24251, -0.71032,-0.99772, 0.18529,-1.13974, 0.60934,-0.93739
0.9751, NaN,NaN, -0.53793,1.30791, -0.79570,-0.93106, 0.09264,-1.15098, 0.53569,-0.98134
0.9801, NaN,NaN, -0.39392,1.35824, -0.87496,-0.85700, -0.00071,-1.15470, 0.45882,-1.01955
0.9851, NaN,NaN, -0.24503,1.39283, -0.94745,-0.77610, -0.09417,-1.15085, 0.37917,-1.05177
0.9901, NaN,NaN, -0.09296,1.41115, -1.01259,-0.68896, -0.18711,-1.13944, 0.29720,-1.07781
0.9951, NaN,NaN, 0.06050,1.41292, -1.06980,-0.59626, -0.27893,-1.12051, 0.21340,-1.09748
