index, F0 InfG.x, F0 InfG.y, F1 InfG.x, F1 InfG.y, F2 InfG.x, F2 InfG.y, F3 InfG.x, F3 InfG.y, F4 InfG.x, F4 InfG.y
0.0001, 0.85333,0.35346, 0.85333,0.35346, 0.85333,0.35346, 0.85333,0.35346, 0.85333,0.35346
0.0051, 0.84234,0.34875, 0.84234,0.34875, 0.84234,0.34875, 0.84234,0.34875, 0.84234,0.34875
0.0101, 0.83157,0.34382, 0.83157,0.34382, 0.83157,0.34382, 0.83157,0.34382, 0.83157,0.34382
0.0151, 0.82102,0.33870, 0.82102,0.33870, 0.82102,0.33870, 0.82102,0.33870, 0.82102,0.33870
0.0201, 0.81068,0.33339, 0.81068,0.33339, 0.81068,0.33339, 0.81068,0.33339, 0.81068,0.33339
0.0251, 0.80056,0.32790, 0.80056,0.32790, 0.80056,0.32790, 0.80056,0.32790, 0.80056,0.32790
0.0301, 0.79066,0.32224, 0.79066,0.32224, 0.79066,0.32224, 0.79066,0.32224, 0.79066,0.32224
0.0351, 0.78096,0.31642, 0.78096,0.31642, 0.78096,0.31642, 0.78096,0.31642, 0.78096,0.31642
0.0401, 0.77147,0.31046, 0.77147,0.31046, 0.77147,0.31046, 0.77147,0.31046, 0.77147,0.31046
0.0451, 0.76218,0.30435, 0.76218,0.30435, 0.76218,0.30435, 0.76218,0.30435, 0.76218,0.30435
0.0501, 0.75309,0.29812, 0.75309,0.29812, 0.75309,0.29812, 0.75309,0.29812, 0.75309,0.29812
0.0551, 0.74420,0.29175, 0.74420,0.29175, 0.74420,0.29175, 0.74420,0.29175, 0.74420,0.29175
0.0601, 0.73550,0.28528, 0.73550,0.28528, 0.73550,0.28528, 0.73550,0.28528, 0.73550,0.28528
0.0651, 0.72699,0.27869, 0.72699,0.27869, 0.72699,0.27869, 0.72699,0.27869, 0.72699,0.27869
0.0701, 0.71866,0.27200, 0.71866,0.27200, 0.71866,0.27200, 0.71866,0.27200, 0.71866,0.27200
0.0751, 0.71051,0.26522, 0.71051,0.26522, 0.71051,0.26522, 0.71051,0.26522, 0.71051,0.26522
0.0801, 0.70253,0.25835, 0.70253,0.25835, 0.70253,0.25835, 0.70253,0.25835, 0.70253,0.25835
0.0851, 0.69473,0.25139, 0.69473,0.25139, 0.69473,0.25139, 0.69473,0.25139, 0.69473,0.25139
0.0901, 0.68709,0.24436, 0.68709,0.24436, 0.68709,0.24436, 0.68709,0.24436, 0.68709,0.24436
0.0951, 0.67961,0.23725, 0.67961,0.23725, 0.67961,0.23725, 0.67961,0.23725, 0.67961,0.23725
0.1001, 0.67228,0.23008, 0.67228,0.23008, 0.67228,0.23008, 0.67228,0.23008, 0.67228,0.23008
0.1051, 0.66511,0.22284, 0.66511,0.22284, 0.66511,0.22284, 0.66511,0.22284, 0.66511,0.22284
0.1101, 0.65808,0.21555, 0.65808,0.21555, 0.65808,0.21555, 0.65808,0.21555, 0.65808,0.21555
0.1151, 0.65119,0.20821, 0.65119,0.20821, 0.65119,0.20821, 0.65119,0.20821, 0.65119,0.20821
0.1201, 0.64444,0.20081, 0.64444,0.20081, 0.64444,0.20081, 0.64444,0.20081, 0.64444,0.20081
0.1251, 0.63782,0.19337, 0.63782,0.19337, 0.63782,0.19337, 0.63782,0.19337, 0.63782,0.19337
0.1301, 0.63132,0.18589, 0.63132,0.18589, 0.63132,0.18589, 0.63132,0.18589, 0.63132,0.18589
0.1351, 0.62495,0.17837, 0.62495,0.17837, 0.62495,0.17837, 0.62495,0.17837, 0.62495,0.17837
0.1401, 0.61869,0.17081, 0.61869,0.17081, 0.61869,0.17081, 0.61869,0.17081, 0.61869,0.17081
0.1451, 0.61254,0.16322, 0.61254,0.16322, 0.61254,0.16322, 0.61254,0.16322, 0.61254,0.16322
0.1501, 0.60649,0.15560, 0.60649,0.15560, 0.60649,0.15560, 0.60649,0.15560, 0.60649,0.15560
0.1551, 0.60055,0.14795, 0.60055,0.14795, 0.60055,0.14795, 0.60055,0.14795, 0.60055,0.14795
0.1601, 0.59470,0.14028, 0.59470,0.14028, 0.59470,0.14028, 0.59470,0.14028, 0.59470,0.14028
0.1651, 0.58894,0.13258, 0.58894,0.13258, 0.58894,0.13258, 0.58894,0.13258, 0.58894,0.13258
0.1701, 0.58327,0.12487, 0.58327,0.12487, 0.58327,0.12487, 0.58327,0.12487, 0.58327,0.12487
0.1751, 0.57767,0.11713, 0.57767,0.11713, 0.57767,0.11713, 0.57767,0.11713, 0.57767,0.11713
0.1801, 0.57215,0.10938, 0.57215,0.10938, 0.57215,0.10938, 0.57215,0.10938, 0.57215,0.10938
0.1851, 0.56670,0.10162, 0.56670,0.10162, 0.56670,0.10162, 0.56670,0.10162, 0.56670,0.10162
0.1901, 0.56132,0.09383, 0.56132,0.09383, 0.56132,0.09383, 0.56132,0.09383, 0.56132,0.09383
0.1951, 0.55599,0.08604, 0.55599,0.08604, 0.55599,0.08604, 0.55599,0.08604, 0.55599,0.08604
0.2001, 0.55072,0.07824, 0.55072,0.07824, 0.55072,0.07824, 0.55072,0.07824, 0.55072,0.07824
0.2051, 0.54550,0.07042, 0.54550,0.07042, 0.54550,0.07042, 0.54550,0.07042, 0.54550,0.07042
0.2101, 0.54032,0.06260, 0.54032,0.06260, 0.54032,0.06260, 0.54032,0.06260, 0.54032,0.06260
0.2151, 0.53518,0.05477, 0.53518,0.05477, 0.53518,0.05477, 0.53518,0.05477, 0.53518,0.05477
0.2201, 0.53008,0.04694, 0.53008,0.04694, 0.53008,0.04694, 0.53008,0.04694, 0.53008,0.04694
0.2251, 0.52500,0.03910, 0.52500,0.03910, 0.52500,0.03910, 0.52500,0.03910, 0.52500,0.03910
0.2301, 0.51995,0.03125, 0.51995,0.03125, 0.51995,0.03125, 0.51995,0.03125, 0.51995,0.03125
0.2351, 0.51492,0.02340, 0.51492,0.02340, 0.51492,0.02340, 0.51492,0.02340, 0.51492,0.02340
0.2401, 0.50991,0.01555, 0.50991,0.01555, 0.50991,0.01555, 0.50991,0.01555, 0.50991,0.01555
0.2451, 0.50490,0.00770, 0.50490,0.00770, 0.50490,0.00770, 0.50490,0.00770, 0.50490,0.00770
0.2501, 0.49990,-0.00016, 0.49990,-0.00016, 0.49990,-0.00016, 0.49990,-0.00016, 0.49990,-0.00016
0.2551, 0.49490,-0.00801, 0.49490,-0.00801, 0.49490,-0.00801, 0.49490,-0.00801, 0.49490,-0.00801
0.2601, 0.48989,-0.01586, 0.48989,-0.01586, 0.48989,-0.01586, 0.48989,-0.01586, 0.48989,-0.01586
0.2651, 0.48488,-0.02372, 0.48488,-0.02372, 0.48488,-0.02372, 0.48488,-0.02372, 0.48488,-0.02372
0.2701, 0.47985,-0.03156, 0.47985,-0.03156, 0.47985,-0.03156, 0.47985,-0.03156, 0.47985,-0.03156
0.2751, 0.47480,-0.03941, 0.47480,-0.03941, 0.47480,-0.03941, 0.47480,-0.03941, 0.47480,-0.03941
0.2801, 0.46972,-0.04725, 0.46972,-0.04725, 0.46972,-0.04725, 0.46972,-0.04725, 0.46972,-0.04725
0.2851, 0.46462,-0.05509, 0.46462,-0.05509, 0.46462,-0.05509, 0.46462,-0.05509, 0.46462,-0.05509
0.2901, 0.45948,-0.06291, 0.45948,-0.06291, 0.45948,-0.06291, 0.45948,-0.06291, 0.45948,-0.06291
0.2951, 0.45430,-0.07074, 0.45430,-0.07074, 0.45430,-0.07074, 0.45430,-0.07074, 0.45430,-0.07074
0.3001, 0.44907,-0.07855, 0.44907,-0.07855, 0.44907,-0.07855, 0.44907,-0.07855, 0.44907,-0.07855
0.3051, 0.44380,-0.08635, 0.44380,-0.08635, 0.44380,-0.08635, 0.44380,-0.08635, 0.44380,-0.08635
0.3101, 0.43847,-0.09415, 0.43847,-0.09415, 0.43847,-0.09415, 0.43847,-0.09415, 0.43847,-0.09415
0.3151, 0.43308,-0.10193, 0.43308,-0.10193, 0.43308,-0.10193, 0.43308,-0.10193, 0.43308,-0.10193
0.3201, 0.42763,-0.10969, 0.42763,-0.10969, 0.42763,-0.10969, 0.42763,-0.10969, 0.42763,-0.10969
0.3251, 0.42210,-0.11744, 0.42210,-0.11744, 0.42210,-0.11744, 0.42210,-0.11744, 0.42210,-0.11744
0.3301, 0.41651,-0.12518, 0.41651,-0.12518, 0.41651,-0.12518, 0.41651,-0.12518, 0.41651,-0.12518
0.3351, 0.41083,-0.13289, 0.41083,-0.13289, 0.41083,-0.13289, 0.41083,-0.13289, 0.41083,-0.13289
0.3401, 0.40507,-0.14059, 0.40507,-0.14059, 0.40507,-0.14059, 0.40507,-0.14059, 0.40507,-0.14059
0.3451, 0.39921,-0.14826, 0.39921,-0.14826, 0.39921,-0.14826, 0.39921,-0.14826, 0.39921,-0.14826
0.3501, 0.39327,-0.15590, 0.39327,-0.15590, 0.39327,-0.15590, 0.39327,-0.15590, 0.39327,-0.15590
0.3551, 0.38722,-0.16352, 0.38722,-0.16352, 0.38722,-0.16352, 0.38722,-0.16352, 0.38722,-0.16352
0.3601, 0.38106,-0.17111, 0.38106,-0.17111, 0.38106,-0.17111, 0.38106,-0.17111, 0.38106,-0.17111
0.3651, 0.37480,-0.17867, 0.37480,-0.17867, 0.37480,-0.17867, 0.37480,-0.17867, 0.37480,-0.17867
0.3701, 0.36842,-0.18619, 0.36842,-0.18619, 0.36842,-0.18619, 0.36842,-0.18619, 0.36842,-0.18619
0.3751, 0.36192,-0.19367, 0.36192,-0.19367, 0.36192,-0.19367, 0.36192,-0.19367, 0.36192,-0.19367
0.3801, 0.35529,-0.20111, 0.35529,-0.20111, 0.35529,-0.20111, 0.35529,-0.20111, 0.35529,-0.20111
0.3851, 0.34854,-0.20850, 0.34854,-0.20850, 0.34854,-0.20850, 0.34854,-0.20850, 0.34854,-0.20850
0.3901, 0.34164,-0.21584, 0.34164,-0.21584, 0.34164,-0.21584, 0.34164,-0.21584, 0.34164,-0.21584
0.3951, 0.33461,-0.22313, 0.33461,-0.22313, 0.33461,-0.22313, 0.33461,-0.22313, 0.33461,-0.22313
0.4001, 0.32743,-0.23037, 0.32743,-0.23037, 0.32743,-0.23037, 0.32743,-0.23037, 0.32743,-0.23037
0.4051, 0.32010,-0.23754, 0.32010,-0.23754, 0.32010,-0.23754, 0.32010,-0.23754, 0.32010,-0.23754
0.4101, 0.31261,-0.24464, 0.31261,-0.24464, 0.31261,-0.24464, 0.31261,-0.24464, 0.31261,-0.24464
0.4151, 0.30496,-0.25167, 0.30496,-0.25167, 0.30496,-0.25167, 0.30496,-0.25167, 0.30496,-0.25167
0.4201, 0.29715,-0.25862, 0.29715,-0.25862, 0.29715,-0.25862, 0.29715,-0.25862, 0.29715,-0.25862
0.4251, 0.28917,-0.26549, 0.28917,-0.26549, 0.28917,-0.26549, 0.28917,-0.26549, 0.28917,-0.26549
0.4301, 0.28101,-0.27227, 0.28101,-0.27227, 0.28101,-0.27227, 0.28101,-0.27227, 0.28101,-0.27227
0.4351, 0.27268,-0.27896, 0.27268,-0.27896, 0.27268,-0.27896, 0.27268,-0.27896, 0.27268,-0.27896
0.4401, 0.26416,-0.28554, 0.26416,-0.28554, 0.26416,-0.28554, 0.26416,-0.28554, 0.26416,-0.28554
0.4451, 0.25545,-0.29201, 0.25545,-0.29201, 0.25545,-0.29201, 0.25545,-0.29201, 0.25545,-0.29201
0.4501, 0.24655,-0.29837, 0.24655,-0.29837, 0.24655,-0.29837, 0.24655,-0.29837, 0.24655,-0.29837
0.4551, 0.23745,-0.30460, 0.23745,-0.30460, 0.23745,-0.30460, 0.23745,-0.30460, 0.23745,-0.30460
0.4601, 0.22816,-0.31070, 0.22816,-0.31070, 0.22816,-0.31070, 0.22816,-0.31070, 0.22816,-0.31070
0.4651, 0.21866,-0.31666, 0.21866,-0.31666, 0.21866,-0.31666, 0.21866,-0.31666, 0.21866,-0.31666
0.4701, 0.20895,-0.32247, 0.20895,-0.32247, 0.20895,-0.32247, 0.20895,-0.32247, 0.20895,-0.32247
0.4751, 0.19904,-0.32812, 0.19904,-0.32812, 0.19904,-0.32812, 0.19904,-0.32812, 0.19904,-0.32812
0.4801, 0.18891,-0.33360, 0.18891,-0.33360, 0.18891,-0.33360, 0.18891,-0.33360, 0.18891,-0.33360
0.4851, 0.17857,-0.33891, 0.17857,-0.33891, 0.17857,-0.33891, 0.17857,-0.33891, 0.17857,-0.33891
0.4901, 0.16800,-0.34402, 0.16800,-0.34402, 0.16800,-0.34402, 0.16800,-0.34402, 0.16800,-0.34402
0.4951, 0.15723,-0.34894, 0.15723,-0.34894, 0.15723,-0.34894, 0.15723,-0.34894, 0.15723,-0.34894
0.5001, 0.14622,-0.35365, 0.14622,-0.35365, 0.14622,-0.35365, 0.14622,-0.35365, 0.14622,-0.35365
0.5051, 0.13500,-0.35813, 0.13500,-0.35813, 0.13500,-0.35813, 0.13500,-0.35813, 0.13500,-0.35813
0.5101, 0.12356,-0.36238, 0.12356,-0.36238, 0.12356,-0.36238, 0.12356,-0.36238, 0.12356,-0.36238
0.5151, 0.11189,-0.36638, 0.11189,-0.36638, 0.11189,-0.36638, 0.11189,-0.36638, 0.11189,-0.36638
0.5201, 0.09999,-0.37012, 0.09999,-0.37012, 0.09999,-0.37012, 0.09999,-0.37012, 0.09999,-0.37012
0.5251, 0.08788,-0.37359, 0.08788,-0.37359, 0.08788,-0.37359, 0.08788,-0.37359, 0.08788,-0.37359
0.5301, 0.07554,-0.37677, 0.07554,-0.37677, 0.07554,-0.37677, 0.07554,-0.37677, 0.07554,-0.37677
0.5351, 0.06299,-0.37965, 0.06299,-0.37965, 0.06299,-0.37965, 0.06299,-0.37965, 0.06299,-0.37965
0.5401, 0.05022,-0.38222, 0.05022,-0.38222, 0.05022,-0.38222, 0.05022,-0.38222, 0.05022,-0.38222
0.5451, 0.03723,-0.38445, 0.03723,-0.38445, 0.03723,-0.38445, 0.03723,-0.38445, 0.03723,-0.38445
0.5501, 0.02404,-0.38634, 0.02404,-0.38634, 0.02404,-0.38634, 0.02404,-0.38634, 0.02404,-0.38634
0.5551, 0.01064,-0.38787, 0.01064,-0.38787, 0.01064,-0.38787, 0.01064,-0.38787, 0.01064,-0.38787
0.5601, -0.00296,-0.38902, -0.00296,-0.38902, -0.00296,-0.38902, -0.00296,-0.38902, -0.00296,-0.38902
0.5651, -0.01676,-0.38977, -0.01676,-0.38977, -0.01676,-0.38977, -0.01676,-0.38977, -0.01676,-0.38977
0.5701, -0.03074,-0.39012, -0.03074,-0.39012, -0.03074,-0.39012, -0.03074,-0.39012, -0.03074,-0.39012
0.5751, -0.04490,-0.39004, -0.04490,-0.39004, -0.04490,-0.39004, -0.04490,-0.39004, -0.04490,-0.39004
0.5801, -0.05923,-0.38951, -0.05923,-0.38951, -0.05923,-0.38951, -0.05923,-0.38951, -0.05923,-0.38951
0.5851, -0.07372,-0.38853, -0.07372,-0.38853, -0.07372,-0.38853, -0.07372,-0.38853, -0.07372,-0.38853
0.5901, -0.08835,-0.38706, -0.08835,-0.38706, -0.08835,-0.38706, -0.08835,-0.38706, -0.08835,-0.38706
0.5951, -0.10313,-0.38510, -0.10313,-0.38510, -0.10313,-0.38510, -0.10313,-0.38510, -0.10313,-0.38510
0.6001, -0.11803,-0.38263, -0.11803,-0.38263, -0.11803,-0.38263, -0.11803,-0.38263, -0.11803,-0.38263
0.6051, -0.13304,-0.37962, -0.13304,-0.37962, -0.13304,-0.37962, -0.13304,-0.37962, -0.13304,-0.37962
0.6101, -0.14814,-0.37607, -0.14814,-0.37607, -0.14814,-0.37607, -0.14814,-0.37607, -0.14814,-0.37607
0.6151, -0.16331,-0.37195, -0.16331,-0.37195, -0.16331,-0.37195, -0.16331,-0.37195, -0.16331,-0.37195
0.6201, -0.17855,-0.36724, -0.17855,-0.36724, -0.17855,-0.36724, -0.17855,-0.36724, -0.17855,-0.36724
0.6251, -0.19383,-0.36194, -0.19383,-0.36194, -0.19383,-0.36194, -0.19383,-0.36194, -0.19383,-0.36194
0.6301, -0.20912,-0.35601, -0.20912,-0.35601, -0.20912,-0.35601, -0.20912,-0.35601, -0.20912,-0.35601
0.6351, -0.22441,-0.34946, -0.22441,-0.34946, -0.22441,-0.34946, -0.22441,-0.34946, -0.22441,-0.34946
0.6401, -0.23966,-0.34225, -0.23966,-0.34225, -0.23966,-0.34225, -0.23966,-0.34225, -0.23966,-0.34225
0.6451, -0.25487,-0.33438, -0.25487,-0.33438, -0.25487,-0.33438, -0.25487,-0.33438, -0.25487,-0.33438
0.6501, -0.26999,-0.32582, -0.26999,-0.32582, -0.26999,-0.32582, -0.26999,-0.32582, -0.26999,-0.32582
0.6551, -0.28501,-0.31658, -0.28501,-0.31658, -0.28501,-0.31658, -0.28501,-0.31658, -0.28501,-0.31658
0.6601, -0.29988,-0.30662, -0.29988,-0.30662, -0.29988,-0.30662, -0.29988,-0.30662, -0.29988,-0.30662
0.6651, -0.31459,-0.29594, -0.31459,-0.29594, -0.31459,-0.29594, -0.31459,-0.29594, -0.31459,-0.29594
0.6701, -0.32908,-0.28454, -0.32908,-0.28454, -0.32908,-0.28454, -0.32908,-0.28454, -0.32908,-0.28454
0.6751, -0.34334,-0.27239, -0.34334,-0.27239, -0.34334,-0.27239, -0.34334,-0.27239, -0.34334,-0.27239
0.6801, -0.35733,-0.25949, -0.35733,-0.25949, -0.35733,-0.25949, -0.35733,-0.25949, -0.35733,-0.25949
0.6851, -0.37100,-0.24583, -0.37100,-0.24583, -0.37100,-0.24583, -0.37100,-0.24583, -0.37100,-0.24583
0.6901, -0.38431,-0.23141, -0.38431,-0.23141, -0.38431,-0.23141, -0.38431,-0.23141, -0.38431,-0.23141
0.6951, -0.39723,-0.21623, -0.39723,-0.21623, -0.39723,-0.21623, -0.39723,-0.21623, -0.39723,-0.21623
0.7001, -0.40972,-0.20027, -0.40972,-0.20027, -0.40972,-0.20027, -0.40972,-0.20027, -0.40972,-0.20027
0.7051, -0.42172,-0.18354, -0.42172,-0.18354, -0.42172,-0.18354, -0.42172,-0.18354, -0.42172,-0.18354
0.7101, -0.43319,-0.16605, -0.43319,-0.16605, -0.43319,-0.16605, -0.43319,-0.16605, -0.43319,-0.16605
0.7151, -0.44409,-0.14779, -0.44409,-0.14779, -0.44409,-0.14779, -0.44409,-0.14779, -0.44409,-0.14779
0.7201, -0.45436,-0.12878, -0.45436,-0.12878, -0.45436,-0.12878, -0.45436,-0.12878, -0.45436,-0.12878
0.7251, -0.46397,-0.10902, -0.46397,-0.10902, -0.46397,-0.10902, -0.46397,-0.10902, -0.46397,-0.10902
0.7301, -0.47285,-0.08852, -0.47285,-0.08852, -0.47285,-0.08852, -0.47285,-0.08852, -0.47285,-0.08852
0.7351, -0.48096,-0.06730, -0.48096,-0.06730, -0.48096,-0.06730, -0.48096,-0.06730, -0.48096,-0.06730
0.7401, -0.48824,-0.04538, -0.48824,-0.04538, -0.48824,-0.04538, -0.48824,-0.04538, -0.48824,-0.04538
0.7451, -0.49463,-0.02278, -0.49463,-0.02278, -0.49463,-0.02278, -0.49463,-0.02278, -0.49463,-0.02278
0.7501, -0.50010,0.00047, -0.50010,0.00047, -0.50010,0.00047, -0.50010,0.00047, -0.50010,0.00047
0.7551, -0.50458,0.02435, -0.50458,0.02435, -0.50458,0.02435, -0.50458,0.02435, -0.50458,0.02435
0.7601, -0.50801,0.04883, -0.50801,0.04883, -0.50801,0.04883, -0.50801,0.04883, -0.50801,0.04883
0.7651, -0.51035,0.07387, -0.51035,0.07387, -0.51035,0.07387, -0.51035,0.07387, -0.51035,0.07387
0.7701, -0.51154,0.09943, -0.51154,0.09943, -0.51154,0.09943, -0.51154,0.09943, -0.51154,0.09943
0.7751, -0.51152,0.12546, -0.51152,0.12546, -0.51152,0.12546, -0.51152,0.12546, -0.51152,0.12546
0.7801, -0.51024,0.15192, -0.51024,0.15192, -0.51024,0.15192, -0.51024,0.15192, -0.51024,0.15192
0.7851, -0.50766,0.17875, -0.50766,0.17875, -0.50766,0.17875, -0.50766,0.17875, -0.50766,0.17875
0.7901, -0.50372,0.20590, -0.50372,0.20590, -0.50372,0.20590, -0.50372,0.20590, -0.50372,0.20590
0.7951, -0.49836,0.23330, -0.49836,0.23330, -0.49836,0.23330, -0.49836,0.23330, -0.49836,0.23330
0.8001, -0.49155,0.26090, -0.49155,0.26090, -0.49155,0.26090, -0.49155,0.26090, -0.49155,0.26090
0.8051, -0.48324,0.28861, -0.48324,0.28861, -0.48324,0.28861, -0.48324,0.28861, -0.48324,0.28861
0.8101, -0.47339,0.31636, -0.47339,0.31636, -0.47339,0.31636, -0.47339,0.31636, -0.47339,0.31636
0.8151, -0.46195,0.34407, -0.46195,0.34407, -0.46195,0.34407, -0.46195,0.34407, -0.46195,0.34407
0.8201, -0.44890,0.37166, -0.44890,0.37166, -0.44890,0.37166, -0.44890,0.37166, -0.44890,0.37166
0.8251, -0.43419,0.39904, -0.43419,0.39904, -0.43419,0.39904, -0.43419,0.39904, -0.43419,0.39904
0.8301, -0.41781,0.42611, -0.41781,0.42611, -0.41781,0.42611, -0.41781,0.42611, -0.41781,0.42611
0.8351, -0.39972,0.45278, -0.39972,0.45278, -0.39972,0.45278, -0.39972,0.45278, -0.39972,0.45278
0.8401, -0.37992,0.47893, -0.37992,0.47893, -0.37992,0.47893, -0.37992,0.47893, -0.37992,0.47893
0.8451, -0.35838,0.50447, -0.35838,0.50447, -0.35838,0.50447, -0.35838,0.50447, -0.35838,0.50447
0.8501, -0.33510,0.52928, -0.33510,0.52928, -0.33510,0.52928, -0.33510,0.52928, -0.33510,0.52928
0.8551, -0.31008,0.55325, -0.31008,0.55325, -0.31008,0.55325, -0.31008,0.55325, -0.31008,0.55325
0.8601, -0.28333,0.57627, -0.28333,0.57627, -0.28333,0.57627, -0.28333,0.57627, -0.28333,0.57627
0.8651, -0.25487,0.59820, -0.25487,0.59820, -0.25487,0.59820, -0.25487,0.59820, -0.25487,0.59820
0.8701, -0.22470,0.61893, -0.22470,0.61893, -0.22470,0.61893, -0.22470,0.61893, -0.22470,0.61893
0.8751, -0.19287,0.63832, -0.19287,0.63832, -0.19287,0.63832, -0.19287,0.63832, -0.19287,0.63832
0.8801, -0.15941,0.65626, -0.15941,0.65626, -0.15941,0.65626, -0.15941,0.65626, -0.15941,0.65626
0.8851, -0.12436,0.67262, -0.12436,0.67262, -0.12436,0.67262, -0.12436,0.67262, -0.12436,0.67262
0.8901, -0.08779,0.68725, -0.08779,0.68725, -0.08779,0.68725, -0.08779,0.68725, -0.08779,0.68725
0.8951, -0.04977,0.70004, -0.04977,0.70004, -0.04977,0.70004, -0.04977,0.70004, -0.04977,0.70004
0.9001, -0.01036,0.71085, -0.01036,0.71085, -0.01036,0.71085, -0.01036,0.71085, -0.01036,0.71085
0.9051, 0.03034,0.71956, 0.03034,0.71956, 0.03034,0.71956, 0.03034,0.71956, 0.03034,0.71956
0.9101, 0.07223,0.72604, 0.07223,0.72604, 0.07223,0.72604, 0.07223,0.72604, 0.07223,0.72604
0.9151, 0.11521,0.73016, 0.11521,0.73016, 0.11521,0.73016, 0.11521,0.73016, 0.11521,0.73016
0.9201, 0.15916,0.73181, 0.15916,0.73181, 0.15916,0.73181, 0.15916,0.73181, 0.15916,0.73181
0.9251, 0.20395,0.73087, 0.20395,0.73087, 0.20395,0.73087, 0.20395,0.73087, 0.20395,0.73087
0.9301, 0.24943,0.72723, 0.24943,0.72723, 0.24943,0.72723, 0.24943,0.72723, 0.24943,0.72723
0.9351, 0.29544,0.72078, 0.29544,0.72078, 0.29544,0.72078, 0.29544,0.72078, 0.29544,0.72078
0.9401, 0.34184,0.71144, 0.34184,0.71144, 0.34184,0.71144, 0.34184,0.71144, 0.34184,0.71144
0.9451, 0.38843,0.69911, 0.38843,0.69911, 0.38843,0.69911, 0.38843,0.69911, 0.38843,0.69911
0.9501, 0.43504,0.68371, 0.43504,0.68371, 0.43504,0.68371, 0.43504,0.68371, 0.43504,0.68371
0.9551, 0.48146,0.66517, 0.48146,0.66517, 0.48146,0.66517, 0.48146,0.66517, 0.48146,0.66517
0.9601, 0.52750,0.64344, 0.52750,0.64344, 0.52750,0.64344, 0.52750,0.64344, 0.52750,0.64344
0.9651, 0.57293,0.61848, 0.57293,0.61848, 0.57293,0.61848, 0.57293,0.61848, 0.57293,0.61848
0.9701, 0.61753,0.59025, 0.61753,0.59025, 0.61753,0.59025, 0.61753,0.59025, 0.61753,0.59025
0.9751, 0.66107,0.55874, 0.66107,0.55874, 0.66107,0.55874, 0.66107,0.55874, 0.66107,0.55874
0.9801, 0.70330,0.52395, 0.70330,0.52395, 0.70330,0.52395, 0.70330,0.52395, 0.70330,0.52395
0.9851, 0.74399,0.48589, 0.74399,0.48589, 0.74399,0.48589, 0.74399,0.48589, 0.74399,0.48589
0.9901, 0.78288,0.44460, 0.78288,0.44460, 0.78288,0.44460, 0.78288,0.44460, 0.78288,0.44460
0.9951, 0.81971,0.40014, 0.81971,0.40014, 0.81971,0.40014, 0.81971,0.40014, 0.81971,0.40014
