index, F0 InfR.x, F0 InfR.y, F1 InfR.x, F1 InfR.y, F2 InfR.x, F2 InfR.y, F3 InfR.x, F3 InfR.y, F4 InfR.x, F4 InfR.y
0.0001, 0.14667,-0.35346, 0.14667,-0.35346, 0.14667,-0.35346, 0.14667,-0.35346, 0.14667,-0.35346
0.0051, 0.15766,-0.34875, 0.15766,-0.34875, 0.15766,-0.34875, 0.15766,-0.34875, 0.15766,-0.34875
0.0101, 0.16843,-0.34382, 0.16843,-0.34382, 0.16843,-0.34382, 0.16843,-0.34382, 0.16843,-0.34382
0.0151, 0.17898,-0.33870, 0.17898,-0.33870, 0.17898,-0.33870, 0.17898,-0.33870, 0.17898,-0.33870
0.0201, 0.18932,-0.33339, 0.18932,-0.33339, 0.18932,-0.33339, 0.18932,-0.33339, 0.18932,-0.33339
0.0251, 0.19944,-0.32790, 0.19944,-0.32790, 0.19944,-0.32790, 0.19944,-0.32790, 0.19944,-0.32790
0.0301, 0.20934,-0.32224, 0.20934,-0.32224, 0.20934,-0.32224, 0.20934,-0.32224, 0.20934,-0.32224
0.0351, 0.21904,-0.31642, 0.21904,-0.31642, 0.21904,-0.31642, 0.21904,-0.31642, 0.21904,-0.31642
0.0401, 0.22853,-0.31046, 0.22853,-0.31046, 0.22853,-0.31046, 0.22853,-0.31046, 0.22853,-0.31046
0.0451, 0.23782,-0.30435, 0.23782,-0.30435, 0.23782,-0.30435, 0.23782,-0.30435, 0.23782,-0.30435
0.0501, 0.24691,-0.29812, 0.24691,-0.29812, 0.24691,-0.29812, 0.24691,-0.29812, 0.24691,-0.29812
0.0551, 0.25580,-0.29175, 0.25580,-0.29175, 0.25580,-0.29175, 0.25580,-0.29175, 0.25580,-0.29175
0.0601, 0.26450,-0.28528, 0.26450,-0.28528, 0.26450,-0.28528, 0.26450,-0.28528, 0.26450,-0.28528
0.0651, 0.27301,-0.27869, 0.27301,-0.27869, 0.27301,-0.27869, 0.27301,-0.27869, 0.27301,-0.27869
0.0701, 0.28134,-0.27200, 0.28134,-0.27200, 0.28134,-0.27200, 0.28134,-0.27200, 0.28134,-0.27200
0.0751, 0.28949,-0.26522, 0.28949,-0.26522, 0.28949,-0.26522, 0.28949,-0.26522, 0.28949,-0.26522
0.0801, 0.29747,-0.25835, 0.29747,-0.25835, 0.29747,-0.25835, 0.29747,-0.25835, 0.29747,-0.25835
0.0851, 0.30527,-0.25139, 0.30527,-0.25139, 0.30527,-0.25139, 0.30527,-0.25139, 0.30527,-0.25139
0.0901, 0.31291,-0.24436, 0.31291,-0.24436, 0.31291,-0.24436, 0.31291,-0.24436, 0.31291,-0.24436
0.0951, 0.32039,-0.23725, 0.32039,-0.23725, 0.32039,-0.23725, 0.32039,-0.23725, 0.32039,-0.23725
0.1001, 0.32772,-0.23008, 0.32772,-0.23008, 0.32772,-0.23008, 0.32772,-0.23008, 0.32772,-0.23008
0.1051, 0.33489,-0.22284, 0.33489,-0.22284, 0.33489,-0.22284, 0.33489,-0.22284, 0.33489,-0.22284
0.1101, 0.34192,-0.21555, 0.34192,-0.21555, 0.34192,-0.21555, 0.34192,-0.21555, 0.34192,-0.21555
0.1151, 0.34881,-0.20821, 0.34881,-0.20821, 0.34881,-0.20821, 0.34881,-0.20821, 0.34881,-0.20821
0.1201, 0.35556,-0.20081, 0.35556,-0.20081, 0.35556,-0.20081, 0.35556,-0.20081, 0.35556,-0.20081
0.1251, 0.36218,-0.19337, 0.36218,-0.19337, 0.36218,-0.19337, 0.36218,-0.19337, 0.36218,-0.19337
0.1301, 0.36868,-0.18589, 0.36868,-0.18589, 0.36868,-0.18589, 0.36868,-0.18589, 0.36868,-0.18589
0.1351, 0.37505,-0.17837, 0.37505,-0.17837, 0.37505,-0.17837, 0.37505,-0.17837, 0.37505,-0.17837
0.1401, 0.38131,-0.17081, 0.38131,-0.17081, 0.38131,-0.17081, 0.38131,-0.17081, 0.38131,-0.17081
0.1451, 0.38746,-0.16322, 0.38746,-0.16322, 0.38746,-0.16322, 0.38746,-0.16322, 0.38746,-0.16322
0.1501, 0.39351,-0.15560, 0.39351,-0.15560, 0.39351,-0.15560, 0.39351,-0.15560, 0.39351,-0.15560
0.1551, 0.39945,-0.14795, 0.39945,-0.14795, 0.39945,-0.14795, 0.39945,-0.14795, 0.39945,-0.14795
0.1601, 0.40530,-0.14028, 0.40530,-0.14028, 0.40530,-0.14028, 0.40530,-0.14028, 0.40530,-0.14028
0.1651, 0.41106,-0.13258, 0.41106,-0.13258, 0.41106,-0.13258, 0.41106,-0.13258, 0.41106,-0.13258
0.1701, 0.41673,-0.12487, 0.41673,-0.12487, 0.41673,-0.12487, 0.41673,-0.12487, 0.41673,-0.12487
0.1751, 0.42233,-0.11713, 0.42233,-0.11713, 0.42233,-0.11713, 0.42233,-0.11713, 0.42233,-0.11713
0.1801, 0.42785,-0.10938, 0.42785,-0.10938, 0.42785,-0.10938, 0.42785,-0.10938, 0.42785,-0.10938
0.1851, 0.43330,-0.10162, 0.43330,-0.10162, 0.43330,-0.10162, 0.43330,-0.10162, 0.43330,-0.10162
0.1901, 0.43868,-0.09383, 0.43868,-0.09383, 0.43868,-0.09383, 0.43868,-0.09383, 0.43868,-0.09383
0.1951, 0.44401,-0.08604, 0.44401,-0.08604, 0.44401,-0.08604, 0.44401,-0.08604, 0.44401,-0.08604
0.2001, 0.44928,-0.07824, 0.44928,-0.07824, 0.44928,-0.07824, 0.44928,-0.07824, 0.44928,-0.07824
0.2051, 0.45450,-0.07042, 0.45450,-0.07042, 0.45450,-0.07042, 0.45450,-0.07042, 0.45450,-0.07042
0.2101, 0.45968,-0.06260, 0.45968,-0.06260, 0.45968,-0.06260, 0.45968,-0.06260, 0.45968,-0.06260
0.2151, 0.46482,-0.05477, 0.46482,-0.05477, 0.46482,-0.05477, 0.46482,-0.05477, 0.46482,-0.05477
0.2201, 0.46992,-0.04694, 0.46992,-0.04694, 0.46992,-0.04694, 0.46992,-0.04694, 0.46992,-0.04694
0.2251, 0.47500,-0.03910, 0.47500,-0.03910, 0.47500,-0.03910, 0.47500,-0.03910, 0.47500,-0.03910
0.2301, 0.48005,-0.03125, 0.48005,-0.03125, 0.48005,-0.03125, 0.48005,-0.03125, 0.48005,-0.03125
0.2351, 0.48508,-0.02340, 0.48508,-0.02340, 0.48508,-0.02340, 0.48508,-0.02340, 0.48508,-0.02340
0.2401, 0.49009,-0.01555, 0.49009,-0.01555, 0.49009,-0.01555, 0.49009,-0.01555, 0.49009,-0.01555
0.2451, 0.49510,-0.00770, 0.49510,-0.00770, 0.49510,-0.00770, 0.49510,-0.00770, 0.49510,-0.00770
0.2501, 0.50010,0.00016, 0.50010,0.00016, 0.50010,0.00016, 0.50010,0.00016, 0.50010,0.00016
0.2551, 0.50510,0.00801, 0.50510,0.00801, 0.50510,0.00801, 0.50510,0.00801, 0.50510,0.00801
0.2601, 0.51011,0.01586, 0.51011,0.01586, 0.51011,0.01586, 0.51011,0.01586, 0.51011,0.01586
0.2651, 0.51512,0.02372, 0.51512,0.02372, 0.51512,0.02372, 0.51512,0.02372, 0.51512,0.02372
0.2701, 0.52015,0.03156, 0.52015,0.03156, 0.52015,0.03156, 0.52015,0.03156, 0.52015,0.03156
0.2751, 0.52520,0.03941, 0.52520,0.03941, 0.52520,0.03941, 0.52520,0.03941, 0.52520,0.03941
0.2801, 0.53028,0.04725, 0.53028,0.04725, 0.53028,0.04725, 0.53028,0.04725, 0.53028,0.04725
0.2851, 0.53538,0.05509, 0.53538,0.05509, 0.53538,0.05509, 0.53538,0.05509, 0.53538,0.05509
0.2901, 0.54052,0.06291, 0.54052,0.06291, 0.54052,0.06291, 0.54052,0.06291, 0.54052,0.06291
0.2951, 0.54570,0.07074, 0.54570,0.07074, 0.54570,0.07074, 0.54570,0.07074, 0.54570,0.07074
0.3001, 0.55093,0.07855, 0.55093,0.07855, 0.55093,0.07855, 0.55093,0.07855, 0.55093,0.07855
0.3051, 0.55620,0.08635, 0.55620,0.08635, 0.55620,0.08635, 0.55620,0.08635, 0.55620,0.08635
0.3101, 0.56153,0.09415, 0.56153,0.09415, 0.56153,0.09415, 0.56153,0.09415, 0.56153,0.09415
0.3151, 0.56692,0.10193, 0.56692,0.10193, 0.56692,0.10193, 0.56692,0.10193, 0.56692,0.10193
0.3201, 0.57237,0.10969, 0.57237,0.10969, 0.57237,0.10969, 0.57237,0.10969, 0.57237,0.10969
0.3251, 0.57790,0.11744, 0.57790,0.11744, 0.57790,0.11744, 0.57790,0.11744, 0.57790,0.11744
0.3301, 0.58349,0.12518, 0.58349,0.12518, 0.58349,0.12518, 0.58349,0.12518, 0.58349,0.12518
0.3351, 0.58917,0.13289, 0.58917,0.13289, 0.58917,0.13289, 0.58917,0.13289, 0.58917,0.13289
0.3401, 0.59493,0.14059, 0.59493,0.14059, 0.59493,0.14059, 0.59493,0.14059, 0.59493,0.14059
0.3451, 0.60079,0.14826, 0.60079,0.14826, 0.60079,0.14826, 0.60079,0.14826, 0.60079,0.14826
0.3501, 0.60673,0.15590, 0.60673,0.15590, 0.60673,0.15590, 0.60673,0.15590, 0.60673,0.15590
0.3551, 0.61278,0.16352, 0.61278,0.16352, 0.61278,0.16352, 0.61278,0.16352, 0.61278,0.16352
0.3601, 0.61894,0.17111, 0.61894,0.17111, 0.61894,0.17111, 0.61894,0.17111, 0.61894,0.17111
0.3651, 0.62520,0.17867, 0.62520,0.17867, 0.62520,0.17867, 0.62520,0.17867, 0.62520,0.17867
0.3701, 0.63158,0.18619, 0.63158,0.18619, 0.63158,0.18619, 0.63158,0.18619, 0.63158,0.18619
0.3751, 0.63808,0.19367, 0.63808,0.19367, 0.63808,0.19367, 0.63808,0.19367, 0.63808,0.19367
0.3801, 0.64471,0.20111, 0.64471,0.20111, 0.64471,0.20111, 0.64471,0.20111, 0.64471,0.20111
0.3851, 0.65146,0.20850, 0.65146,0.20850, 0.65146,0.20850, 0.65146,0.20850, 0.65146,0.20850
0.3901, 0.65836,0.21584, 0.65836,0.21584, 0.65836,0.21584, 0.65836,0.21584, 0.65836,0.21584
0.3951, 0.66539,0.22313, 0.66539,0.22313, 0.66539,0.22313, 0.66539,0.22313, 0.66539,0.22313
0.4001, 0.67257,0.23037, 0.67257,0.23037, 0.67257,0.23037, 0.67257,0.23037, 0.67257,0.23037
0.4051, 0.67990,0.23754, 0.67990,0.23754, 0.67990,0.23754, 0.67990,0.23754, 0.67990,0.23754
0.4101, 0.68739,0.24464, 0.68739,0.24464, 0.68739,0.24464, 0.68739,0.24464, 0.68739,0.24464
0.4151, 0.69504,0.25167, 0.69504,0.25167, 0.69504,0.25167, 0.69504,0.25167, 0.69504,0.25167
0.4201, 0.70285,0.25862, 0.70285,0.25862, 0.70285,0.25862, 0.70285,0.25862, 0.70285,0.25862
0.4251, 0.71083,0.26549, 0.71083,0.26549, 0.71083,0.26549, 0.71083,0.26549, 0.71083,0.26549
0.4301, 0.71899,0.27227, 0.71899,0.27227, 0.71899,0.27227, 0.71899,0.27227, 0.71899,0.27227
0.4351, 0.72732,0.27896, 0.72732,0.27896, 0.72732,0.27896, 0.72732,0.27896, 0.72732,0.27896
0.4401, 0.73584,0.28554, 0.73584,0.28554, 0.73584,0.28554, 0.73584,0.28554, 0.73584,0.28554
0.4451, 0.74455,0.29201, 0.74455,0.29201, 0.74455,0.29201, 0.74455,0.29201, 0.74455,0.29201
0.4501, 0.75345,0.29837, 0.75345,0.29837, 0.75345,0.29837, 0.75345,0.29837, 0.75345,0.29837
0.4551, 0.76255,0.30460, 0.76255,0.30460, 0.76255,0.30460, 0.76255,0.30460, 0.76255,0.30460
0.4601, 0.77184,0.31070, 0.77184,0.31070, 0.77184,0.31070, 0.77184,0.31070, 0.77184,0.31070
0.4651, 0.78134,0.31666, 0.78134,0.31666, 0.78134,0.31666, 0.78134,0.31666, 0.78134,0.31666
0.4701, 0.79105,0.32247, 0.79105,0.32247, 0.79105,0.32247, 0.79105,0.32247, 0.79105,0.32247
0.4751, 0.80096,0.32812, 0.80096,0.32812, 0.80096,0.32812, 0.80096,0.32812, 0.80096,0.32812
0.4801, 0.81109,0.33360, 0.81109,0.33360, 0.81109,0.33360, 0.81109,0.33360, 0.81109,0.33360
0.4851, 0.82143,0.33891, 0.82143,0.33891, 0.82143,0.33891, 0.82143,0.33891, 0.82143,0.33891
0.4901, 0.83200,0.34402, 0.83200,0.34402, 0.83200,0.34402, 0.83200,0.34402, 0.83200,0.34402
0.4951, 0.84277,0.34894, 0.84277,0.34894, 0.84277,0.34894, 0.84277,0.34894, 0.84277,0.34894
0.5001, 0.85378,0.35365, 0.85378,0.35365, 0.85378,0.35365, 0.85378,0.35365, 0.85378,0.35365
0.5051, 0.86500,0.35813, 0.86500,0.35813, 0.86500,0.35813, 0.86500,0.35813, 0.86500,0.35813
0.5101, 0.87644,0.36238, 0.87644,0.36238, 0.87644,0.36238, 0.87644,0.36238, 0.87644,0.36238
0.5151, 0.88811,0.36638, 0.88811,0.36638, 0.88811,0.36638, 0.88811,0.36638, 0.88811,0.36638
0.5201, 0.90001,0.37012, 0.90001,0.37012, 0.90001,0.37012, 0.90001,0.37012, 0.90001,0.37012
0.5251, 0.91212,0.37359, 0.91212,0.37359, 0.91212,0.37359, 0.91212,0.37359, 0.91212,0.37359
0.5301, 0.92446,0.37677, 0.92446,0.37677, 0.92446,0.37677, 0.92446,0.37677, 0.92446,0.37677
0.5351, 0.93701,0.37965, 0.93701,0.37965, 0.93701,0.37965, 0.93701,0.37965, 0.93701,0.37965
0.5401, 0.94978,0.38222, 0.94978,0.38222, 0.94978,0.38222, 0.94978,0.38222, 0.94978,0.38222
0.5451, 0.96277,0.38445, 0.96277,0.38445, 0.96277,0.38445, 0.96277,0.38445, 0.96277,0.38445
0.5501, 0.97596,0.38634, 0.97596,0.38634, 0.97596,0.38634, 0.97596,0.38634, 0.97596,0.38634
0.5551, 0.98936,0.38787, 0.98936,0.38787, 0.98936,0.38787, 0.98936,0.38787, 0.98936,0.38787
0.5601, 1.00296,0.38902, 1.00296,0.38902, 1.00296,0.38902, 1.00296,0.38902, 1.00296,0.38902
0.5651, 1.01676,0.38977, 1.01676,0.38977, 1.01676,0.38977, 1.01676,0.38977, 1.01676,0.38977
0.5701, 1.03074,0.39012, 1.03074,0.39012, 1.03074,0.39012, 1.03074,0.39012, 1.03074,0.39012
0.5751, 1.04490,0.39004, 1.04490,0.39004, 1.04490,0.39004, 1.04490,0.39004, 1.04490,0.39004
0.5801, 1.05923,0.38951, 1.05923,0.38951, 1.05923,0.38951, 1.05923,0.38951, 1.05923,0.38951
0.5851, 1.07372,0.38853, 1.07372,0.38853, 1.07372,0.38853, 1.07372,0.38853, 1.07372,0.38853
0.5901, 1.08835,0.38706, 1.08835,0.38706, 1.08835,0.38706, 1.08835,0.38706, 1.08835,0.38706
0.5951, 1.10313,0.38510, 1.10313,0.38510, 1.10313,0.38510, 1.10313,0.38510, 1.10313,0.38510
0.6001, 1.11803,0.38263, 1.11803,0.38263, 1.11803,0.38263, 1.11803,0.38263, 1.11803,0.38263
0.6051, 1.13304,0.37962, 1.13304,0.37962, 1.13304,0.37962, 1.13304,0.37962, 1.13304,0.37962
0.6101, 1.14814,0.37607, 1.14814,0.37607, 1.14814,0.37607, 1.14814,0.37607, 1.14814,0.37607
0.6151, 1.16331,0.37195, 1.16331,0.37195, 1.16331,0.37195, 1.16331,0.37195, 1.16331,0.37195
0.6201, 1.17855,0.36724, 1.17855,0.36724, 1.17855,0.36724, 1.17855,0.36724, 1.17855,0.36724
0.6251, 1.19383,0.36194, 1.19383,0.36194, 1.19383,0.36194, 1.19383,0.36194, 1.19383,0.36194
0.6301, 1.20912,0.35601, 1.20912,0.35601, 1.20912,0.35601, 1.20912,0.35601, 1.20912,0.35601
0.6351, 1.22441,0.34946, 1.22441,0.34946, 1.22441,0.34946, 1.22441,0.34946, 1.22441,0.34946
0.6401, 1.23966,0.34225, 1.23966,0.34225, 1.23966,0.34225, 1.23966,0.34225, 1.23966,0.34225
0.6451, 1.25487,0.33438, 1.25487,0.33438, 1.25487,0.33438, 1.25487,0.33438, 1.25487,0.33438
0.6501, 1.26999,0.32582, 1.26999,0.32582, 1.26999,0.32582, 1.26999,0.32582, 1.26999,0.32582
0.6551, 1.28501,0.31658, 1.28501,0.31658, 1.28501,0.31658, 1.28501,0.31658, 1.28501,0.31658
0.6601, 1.29988,0.30662, 1.29988,0.30662, 1.29988,0.30662, 1.29988,0.30662, 1.29988,0.30662
0.6651, 1.31459,0.29594, 1.31459,0.29594, 1.31459,0.29594, 1.31459,0.29594, 1.31459,0.29594
0.6701, 1.32908,0.28454, 1.32908,0.28454, 1.32908,0.28454, 1.32908,0.28454, 1.32908,0.28454
0.6751, 1.34334,0.27239, 1.34334,0.27239, 1.34334,0.27239, 1.34334,0.27239, 1.34334,0.27239
0.6801, 1.35733,0.25949, 1.35733,0.25949, 1.35733,0.25949, 1.35733,0.25949, 1.35733,0.25949
0.6851, 1.37100,0.24583, 1.37100,0.24583, 1.37100,0.24583, 1.37100,0.24583, 1.37100,0.24583
0.6901, 1.38431,0.23141, 1.38431,0.23141, 1.38431,0.23141, 1.38431,0.23141, 1.38431,0.23141
0.6951, 1.39723,0.21623, 1.39723,0.21623, 1.39723,0.21623, 1.39723,0.21623, 1.39723,0.21623
0.7001, 1.40972,0.20027, 1.40972,0.20027, 1.40972,0.20027, 1.40972,0.20027, 1.40972,0.20027
0.7051, 1.42172,0.18354, 1.42172,0.18354, 1.42172,0.18354, 1.42172,0.18354, 1.42172,0.18354
0.7101, 1.43319,0.16605, 1.43319,0.16605, 1.43319,0.16605, 1.43319,0.16605, 1.43319,0.16605
0.7151, 1.44409,0.14779, 1.44409,0.14779, 1.44409,0.14779, 1.44409,0.14779, 1.44409,0.14779
0.7201, 1.45436,0.12878, 1.45436,0.12878, 1.45436,0.12878, 1.45436,0.12878, 1.45436,0.12878
0.7251, 1.46397,0.10902, 1.46397,0.10902, 1.46397,0.10902, 1.46397,0.10902, 1.46397,0.10902
0.7301, 1.47285,0.08852, 1.47285,0.08852, 1.47285,0.08852, 1.47285,0.08852, 1.47285,0.08852
0.7351, 1.48096,0.06730, 1.48096,0.06730, 1.48096,0.06730, 1.48096,0.06730, 1.48096,0.06730
0.7401, 1.48824,0.04538, 1.48824,0.04538, 1.48824,0.04538, 1.48824,0.04538, 1.48824,0.04538
0.7451, 1.49463,0.02278, 1.49463,0.02278, 1.49463,0.02278, 1.49463,0.02278, 1.49463,0.02278
0.7501, 1.50010,-0.00047, 1.50010,-0.00047, 1.50010,-0.00047, 1.50010,-0.00047, 1.50010,-0.00047
0.7551, 1.50458,-0.02435, 1.50458,-0.02435, 1.50458,-0.02435, 1.50458,-0.02435, 1.50458,-0.02435
0.7601, 1.50801,-0.04883, 1.50801,-0.04883, 1.50801,-0.04883, 1.50801,-0.04883, 1.50801,-0.04883
0.7651, 1.51035,-0.07387, 1.51035,-0.07387, 1.51035,-0.07387, 1.51035,-0.07387, 1.51035,-0.07387
0.7701, 1.51154,-0.09943, 1.51154,-0.09943, 1.51154,-0.09943, 1.51154,-0.09943, 1.51154,-0.09943
0.7751, 1.51152,-0.12546, 1.51152,-0.12546, 1.51152,-0.12546, 1.51152,-0.12546, 1.51152,-0.12546
0.7801, 1.51024,-0.15192, 1.51024,-0.15192, 1.51024,-0.15192, 1.51024,-0.15192, 1.51024,-0.15192
0.7851, 1.50766,-0.17875, 1.50766,-0.17875, 1.50766,-0.17875, 1.50766,-0.17875, 1.50766,-0.17875
0.7901, 1.50372,-0.20590, 1.50372,-0.20590, 1.50372,-0.20590, 1.50372,-0.20590, 1.50372,-0.20590
0.7951, 1.49836,-0.23330, 1.49836,-0.23330, 1.49836,-0.23330, 1.49836,-0.23330, 1.49836,-0.23330
0.8001, 1.49155,-0.26090, 1.49155,-0.26090, 1.49155,-0.26090, 1.49155,-0.26090, 1.49155,-0.26090
0.8051, 1.48324,-0.28861, 1.48324,-0.28861, 1.48324,-0.28861, 1.48324,-0.28861, 1.48324,-0.28861
0.8101, 1.47339,-0.31636, 1.47339,-0.31636, 1.47339,-0.31636, 1.47339,-0.31636, 1.47339,-0.31636
0.8151, 1.46195,-0.34407, 1.46195,-0.34407, 1.46195,-0.34407, 1.46195,-0.34407, 1.46195,-0.34407
0.8201, 1.44890,-0.37166, 1.44890,-0.37166, 1.44890,-0.37166, 1.44890,-0.37166, 1.44890,-0.37166
0.8251, 1.43419,-0.39904, 1.43419,-0.39904, 1.43419,-0.39904, 1.43419,-0.39904, 1.43419,-0.39904
0.8301, 1.41781,-0.42611, 1.41781,-0.42611, 1.41781,-0.42611, 1.41781,-0.42611, 1.41781,-0.42611
0.8351, 1.39972,-0.45278, 1.39972,-0.45278, 1.39972,-0.45278, 1.39972,-0.45278, 1.39972,-0.45278
0.8401, 1.37992,-0.47893, 1.37992,-0.47893, 1.37992,-0.47893, 1.37992,-0.47893, 1.37992,-0.47893
0.8451, 1.35838,-0.50447, 1.35838,-0.50447, 1.35838,-0.50447, 1.35838,-0.50447, 1.35838,-0.50447
0.8501, 1.33510,-0.52928, 1.33510,-0.52928, 1.33510,-0.52928, 1.33510,-0.52928, 1.33510,-0.52928
0.8551, 1.31008,-0.55325, 1.31008,-0.55325, 1.31008,-0.55325, 1.31008,-0.55325, 1.31008,-0.55325
0.8601, 1.28333,-0.57627, 1.28333,-0.57627, 1.28333,-0.57627, 1.28333,-0.57627, 1.28333,-0.57627
0.8651, 1.25487,-0.59820, 1.25487,-0.59820, 1.25487,-0.59820, 1.25487,-0.59820, 1.25487,-0.59820
0.8701, 1.22470,-0.61893, 1.22470,-0.61893, 1.22470,-0.61893, 1.22470,-0.61893, 1.22470,-0.61893
0.8751, 1.19287,-0.63832, 1.19287,-0.63832, 1.19287,-0.63832, 1.19287,-0.63832, 1.19287,-0.63832
0.8801, 1.15941,-0.65626, 1.15941,-0.65626, 1.15941,-0.65626, 1.15941,-0.65626, 1.15941,-0.65626
0.8851, 1.12436,-0.67262, 1.12436,-0.67262, 1.12436,-0.67262, 1.12436,-0.67262, 1.12436,-0.67262
0.8901, 1.08779,-0.68725, 1.08779,-0.68725, 1.08779,-0.68725, 1.08779,-0.68725, 1.08779,-0.68725
0.8951, 1.04977,-0.70004, 1.04977,-0.70004, 1.04977,-0.70004, 1.04977,-0.70004, 1.04977,-0.70004
0.9001, 1.01036,-0.71085, 1.01036,-0.71085, 1.01036,-0.71085, 1.01036,-0.71085, 1.01036,-0.71085
0.9051, 0.96966,-0.71956, 0.96966,-0.71956, 0.96966,-0.71956, 0.96966,-0.71956, 0.96966,-0.71956
0.9101, 0.92777,-0.72604, 0.92777,-0.72604, 0.92777,-0.72604, 0.92777,-0.72604, 0.92777,-0.72604
0.9151, 0.88479,-0.73016, 0.88479,-0.73016, 0.88479,-0.73016, 0.88479,-0.73016, 0.88479,-0.73016
0.9201, 0.84084,-0.73181, 0.84084,-0.73181, 0.84084,-0.73181, 0.84084,-0.73181, 0.84084,-0.73181
0.9251, 0.79605,-0.73087, 0.79605,-0.73087, 0.79605,-0.73087, 0.79605,-0.73087, 0.79605,-0.73087
0.9301, 0.75057,-0.72723, 0.75057,-0.72723, 0.75057,-0.72723, 0.75057,-0.72723, 0.75057,-0.72723
0.9351, 0.70456,-0.72078, 0.70456,-0.72078, 0.70456,-0.72078, 0.70456,-0.72078, 0.70456,-0.72078
0.9401, 0.65816,-0.71144, 0.65816,-0.71144, 0.65816,-0.71144, 0.65816,-0.71144, 0.65816,-0.71144
0.9451, 0.61157,-0.69911, 0.61157,-0.69911, 0.61157,-0.69911, 0.61157,-0.69911, 0.61157,-0.69911
0.9501, 0.56496,-0.68371, 0.56496,-0.68371, 0.56496,-0.68371, 0.56496,-0.68371, 0.56496,-0.68371
0.9551, 0.51854,-0.66517, 0.51854,-0.66517, 0.51854,-0.66517, 0.51854,-0.66517, 0.51854,-0.66517
0.9601, 0.47250,-0.64344, 0.47250,-0.64344, 0.47250,-0.64344, 0.47250,-0.64344, 0.47250,-0.64344
0.9651, 0.42707,-0.61848, 0.42707,-0.61848, 0.42707,-0.61848, 0.42707,-0.61848, 0.42707,-0.61848
0.9701, 0.38247,-0.59025, 0.38247,-0.59025, 0.38247,-0.59025, 0.38247,-0.59025, 0.38247,-0.59025
0.9751, 0.33893,-0.55874, 0.33893,-0.55874, 0.33893,-0.55874, 0.33893,-0.55874, 0.33893,-0.55874
0.9801, 0.29670,-0.52395, 0.29670,-0.52395, 0.29670,-0.52395, 0.29670,-0.52395, 0.29670,-0.52395
0.9851, 0.25601,-0.48589, 0.25601,-0.48589, 0.25601,-0.48589, 0.25601,-0.48589, 0.25601,-0.48589
0.9901, 0.21712,-0.44460, 0.21712,-0.44460, 0.21712,-0.44460, 0.21712,-0.44460, 0.21712,-0.44460
0.9951, 0.18029,-0.40014, 0.18029,-0.40014, 0.18029,-0.40014, 0.18029,-0.40014, 0.18029,-0.40014
