index, F0 Tg.x, F0 Tg.y, F1 Tg.x, F1 Tg.y, F2 Tg.x, F2 Tg.y, F3 Tg.x, F3 Tg.y, F4 Tg.x, F4 Tg.y
0.0001, -1.80836,-0.72561, 0.90085,0.25474, 0.87596,0.30556, 0.86765,0.32250, 0.86363,0.33083
0.0051, 0.58061,-1.45039, 0.87209,0.30250, 0.84467,0.35236, 0.83537,0.36923, 0.83082,0.37762
0.0101, 0.83447,-1.12176, 0.84108,0.34773, 0.81118,0.39643, 0.80088,0.41315, 0.79578,0.42153
0.0151, 0.94692,-0.90082, 0.80801,0.39035, 0.77569,0.43769, 0.76440,0.45416, 0.75875,0.46248
0.0201, 1.00753,-0.72284, 0.77310,0.43029, 0.73844,0.47610, 0.72615,0.49222, 0.71996,0.50042
0.0251, 1.03935,-0.57029, 0.73653,0.46749, 0.69962,0.51160, 0.68637,0.52729, 0.67963,0.53531
0.0301, 1.05224,-0.43573, 0.69851,0.50193, 0.65945,0.54418, 0.64527,0.55933, 0.63800,0.56713
0.0351, 1.05155,-0.31519, 0.65922,0.53357, 0.61814,0.57380, 0.60306,0.58835, 0.59527,0.59588
0.0401, 1.04057,-0.20626, 0.61886,0.56240, 0.57589,0.60048, 0.55995,0.61435, 0.55167,0.62155
0.0451, 1.02152,-0.10733, 0.57762,0.58842, 0.53290,0.62422, 0.51615,0.63734, 0.50739,0.64417
0.0501, 0.99601,-0.01724, 0.53567,0.61164, 0.48935,0.64504, 0.47184,0.65735, 0.46265,0.66377
0.0551, 0.96527,0.06486, 0.49319,0.63208, 0.44543,0.66299, 0.42723,0.67442, 0.41763,0.68040
0.0601, 0.93025,0.13964, 0.45035,0.64977, 0.40132,0.67811, 0.38249,0.68861, 0.37252,0.69411
0.0651, 0.89173,0.20766, 0.40733,0.66476, 0.35719,0.69045, 0.33780,0.69997, 0.32748,0.70496
0.0701, 0.85036,0.26936, 0.36427,0.67708, 0.31320,0.70007, 0.29331,0.70857, 0.28269,0.71303
0.0751, 0.80668,0.32513, 0.32132,0.68681, 0.26949,0.70705, 0.24918,0.71450, 0.23831,0.71840
0.0801, 0.76118,0.37531, 0.27864,0.69399, 0.22622,0.71146, 0.20557,0.71784, 0.19448,0.72117
0.0851, 0.71427,0.42022, 0.23635,0.69871, 0.18353,0.71339, 0.16260,0.71868, 0.15133,0.72141
0.0901, 0.66631,0.46012, 0.19459,0.70105, 0.14153,0.71293, 0.12041,0.71711, 0.10901,0.71924
0.0951, 0.61763,0.49527, 0.15348,0.70107, 0.10035,0.71017, 0.07911,0.71324, 0.06761,0.71477
0.1001, 0.56851,0.52591, 0.11312,0.69888, 0.06009,0.70522, 0.03880,0.70717, 0.02726,0.70809
0.1051, 0.51922,0.55228, 0.07363,0.69456, 0.02086,0.69818, -0.00040,0.69902, -0.01195,0.69932
0.1101, 0.47000,0.57458, 0.03510,0.68821, -0.01725,0.68915, -0.03841,0.68889, -0.04992,0.68859
0.1151, 0.42105,0.59302, -0.00239,0.67992, -0.05416,0.67824, -0.07515,0.67690, -0.08659,0.67600
0.1201, 0.37258,0.60780, -0.03874,0.66981, -0.08979,0.66557, -0.11055,0.66316, -0.12188,0.66167
0.1251, 0.32474,0.61911, -0.07389,0.65796, -0.12408,0.65124, -0.14455,0.64779, -0.15573,0.64572
0.1301, 0.27771,0.62715, -0.10778,0.64449, -0.15698,0.63537, -0.17708,0.63091, -0.18808,0.62828
0.1351, 0.23161,0.63209, -0.14034,0.62950, -0.18842,0.61807, -0.20811,0.61263, -0.21889,0.60945
0.1401, 0.18658,0.63411, -0.17152,0.61309, -0.21838,0.59944, -0.23760,0.59306, -0.24812,0.58936
0.1451, 0.14273,0.63338, -0.20129,0.59537, -0.24681,0.57961, -0.26551,0.57233, -0.27575,0.56812
0.1501, 0.10016,0.63008, -0.22960,0.57644, -0.27369,0.55868, -0.29182,0.55054, -0.30175,0.54585
0.1551, 0.05895,0.62437, -0.25643,0.55641, -0.29900,0.53676, -0.31651,0.52780, -0.32611,0.52266
0.1601, 0.01920,0.61642, -0.28175,0.53538, -0.32272,0.51395, -0.33958,0.50422, -0.34882,0.49865
0.1651, -0.01905,0.60637, -0.30555,0.51345, -0.34485,0.49035, -0.36102,0.47991, -0.36989,0.47393
0.1701, -0.05572,0.59438, -0.32782,0.49072, -0.36538,0.46608, -0.38083,0.45497, -0.38930,0.44861
0.1751, -0.09078,0.58061, -0.34855,0.46728, -0.38432,0.44122, -0.39903,0.42949, -0.40708,0.42279
0.1801, -0.12418,0.56519, -0.36774,0.44323, -0.40167,0.41587, -0.41561,0.40358, -0.42324,0.39656
0.1851, -0.15589,0.54827, -0.38539,0.41866, -0.41746,0.39013, -0.43061,0.37732, -0.43780,0.37001
0.1901, -0.18589,0.52999, -0.40153,0.39366, -0.43169,0.36407, -0.44404,0.35081, -0.45078,0.34323
0.1951, -0.21417,0.51048, -0.41615,0.36832, -0.44439,0.33780, -0.45592,0.32412, -0.46220,0.31632
0.2001, -0.24071,0.48987, -0.42928,0.34271, -0.45559,0.31137, -0.46629,0.29734, -0.47212,0.28934
0.2051, -0.26551,0.46828, -0.44094,0.31693, -0.46531,0.28489, -0.47519,0.27055, -0.48054,0.26237
0.2101, -0.28857,0.44582, -0.45116,0.29103, -0.47359,0.25841, -0.48264,0.24381, -0.48753,0.23549
0.2151, -0.30991,0.42263, -0.45997,0.26510, -0.48047,0.23201, -0.48868,0.21721, -0.49310,0.20877
0.2201, -0.32953,0.39879, -0.46739,0.23920, -0.48597,0.20575, -0.49336,0.19079, -0.49732,0.18226
0.2251, -0.34746,0.37443, -0.47346,0.21341, -0.49015,0.17969, -0.49672,0.16462, -0.50021,0.15604
0.2301, -0.36373,0.34965, -0.47822,0.18777, -0.49304,0.15390, -0.49880,0.13876, -0.50184,0.13014
0.2351, -0.37834,0.32453, -0.48170,0.16235, -0.49469,0.12843, -0.49964,0.11327, -0.50223,0.10463
0.2401, -0.39135,0.29916, -0.48395,0.13721, -0.49514,0.10332, -0.49931,0.08818, -0.50146,0.07956
0.2451, -0.40277,0.27365, -0.48501,0.11239, -0.49443,0.07863, -0.49784,0.06354, -0.49955,0.05496
0.2501, -0.41265,0.24806, -0.48492,0.08794, -0.49262,0.05439, -0.49528,0.03940, -0.49657,0.03087
0.2551, -0.42103,0.22248, -0.48372,0.06391, -0.48976,0.03065, -0.49169,0.01579, -0.49256,0.00734
0.2601, -0.42795,0.19698, -0.48146,0.04034, -0.48588,0.00744, -0.48710,-0.00725, -0.48758,-0.01561
0.2651, -0.43346,0.17163, -0.47819,0.01725, -0.48105,-0.01521, -0.48158,-0.02970, -0.48168,-0.03794
0.2701, -0.43759,0.14649, -0.47395,-0.00530, -0.47530,-0.03727, -0.47517,-0.05152, -0.47489,-0.05963
0.2751, -0.44041,0.12162, -0.46879,-0.02730, -0.46869,-0.05870, -0.46793,-0.07270, -0.46729,-0.08066
0.2801, -0.44194,0.09708, -0.46275,-0.04872, -0.46126,-0.07950, -0.45989,-0.09321, -0.45891,-0.10101
0.2851, -0.44226,0.07291, -0.45588,-0.06953, -0.45307,-0.09963, -0.45111,-0.11304, -0.44980,-0.12066
0.2901, -0.44140,0.04917, -0.44823,-0.08970, -0.44415,-0.11909, -0.44164,-0.13217, -0.44002,-0.13960
0.2951, -0.43942,0.02590, -0.43984,-0.10923, -0.43456,-0.13785, -0.43152,-0.15059, -0.42960,-0.15782
0.3001, -0.43636,0.00314, -0.43076,-0.12809, -0.42434,-0.15591, -0.42081,-0.16829, -0.41860,-0.17531
0.3051, -0.43229,-0.01908, -0.42104,-0.14628, -0.41354,-0.17326, -0.40953,-0.18526, -0.40706,-0.19206
0.3101, -0.42724,-0.04073, -0.41070,-0.16378, -0.40220,-0.18989, -0.39775,-0.20149, -0.39503,-0.20807
0.3151, -0.42129,-0.06176, -0.39981,-0.18057, -0.39036,-0.20580, -0.38550,-0.21699, -0.38254,-0.22334
0.3201, -0.41446,-0.08217, -0.38840,-0.19667, -0.37807,-0.22098, -0.37282,-0.23176, -0.36964,-0.23786
0.3251, -0.40682,-0.10193, -0.37651,-0.21205, -0.36536,-0.23543, -0.35975,-0.24579, -0.35637,-0.25165
0.3301, -0.39841,-0.12101, -0.36419,-0.22672, -0.35227,-0.24916, -0.34633,-0.25909, -0.34277,-0.26470
0.3351, -0.38929,-0.13941, -0.35146,-0.24069, -0.33885,-0.26217, -0.33261,-0.27166, -0.32888,-0.27702
0.3401, -0.37950,-0.15710, -0.33838,-0.25394, -0.32513,-0.27446, -0.31861,-0.28351, -0.31472,-0.28862
0.3451, -0.36908,-0.17409, -0.32497,-0.26649, -0.31114,-0.28603, -0.30437,-0.29464, -0.30034,-0.29950
0.3501, -0.35810,-0.19035, -0.31127,-0.27833, -0.29692,-0.29690, -0.28992,-0.30507, -0.28577,-0.30967
0.3551, -0.34658,-0.20589, -0.29732,-0.28947, -0.28250,-0.30708, -0.27530,-0.31481, -0.27103,-0.31915
0.3601, -0.33457,-0.22069, -0.28315,-0.29993, -0.26791,-0.31657, -0.26054,-0.32386, -0.25617,-0.32795
0.3651, -0.32213,-0.23477, -0.26878,-0.30970, -0.25319,-0.32539, -0.24566,-0.33224, -0.24120,-0.33608
0.3701, -0.30928,-0.24811, -0.25426,-0.31881, -0.23835,-0.33354, -0.23069,-0.33995, -0.22616,-0.34355
0.3751, -0.29607,-0.26073, -0.23960,-0.32725, -0.22343,-0.34104, -0.21566,-0.34703, -0.21107,-0.35037
0.3801, -0.28253,-0.27262, -0.22484,-0.33504, -0.20845,-0.34790, -0.20059,-0.35347, -0.19596,-0.35657
0.3851, -0.26871,-0.28379, -0.21000,-0.34219, -0.19344,-0.35414, -0.18551,-0.35929, -0.18084,-0.36215
0.3901, -0.25464,-0.29425, -0.19511,-0.34872, -0.17842,-0.35977, -0.17043,-0.36451, -0.16574,-0.36713
0.3951, -0.24036,-0.30400, -0.18019,-0.35463, -0.16340,-0.36481, -0.15539,-0.36914, -0.15068,-0.37153
0.4001, -0.22589,-0.31306, -0.16526,-0.35995, -0.14842,-0.36926, -0.14039,-0.37320, -0.13567,-0.37537
0.4051, -0.21126,-0.32143, -0.15034,-0.36468, -0.13349,-0.37315, -0.12546,-0.37671, -0.12075,-0.37865
0.4101, -0.19652,-0.32913, -0.13546,-0.36885, -0.11862,-0.37650, -0.11061,-0.37968, -0.10591,-0.38140
0.4151, -0.18168,-0.33617, -0.12063,-0.37246, -0.10384,-0.37931, -0.09586,-0.38212, -0.09118,-0.38364
0.4201, -0.16677,-0.34257, -0.10586,-0.37553, -0.08915,-0.38160, -0.08122,-0.38406, -0.07657,-0.38537
0.4251, -0.15182,-0.34833, -0.09118,-0.37808, -0.07458,-0.38340, -0.06671,-0.38551, -0.06209,-0.38663
0.4301, -0.13685,-0.35347, -0.07660,-0.38013, -0.06014,-0.38471, -0.05233,-0.38649, -0.04776,-0.38741
0.4351, -0.12189,-0.35800, -0.06213,-0.38168, -0.04583,-0.38556, -0.03811,-0.38702, -0.03359,-0.38775
0.4401, -0.10695,-0.36195, -0.04779,-0.38276, -0.03167,-0.38596, -0.02404,-0.38710, -0.01957,-0.38765
0.4451, -0.09206,-0.36533, -0.03359,-0.38338, -0.01767,-0.38592, -0.01014,-0.38676, -0.00574,-0.38714
0.4501, -0.07723,-0.36815, -0.01953,-0.38355, -0.00384,-0.38546, 0.00358,-0.38601, 0.00792,-0.38623
0.4551, -0.06249,-0.37043, -0.00563,-0.38330, 0.00982,-0.38461, 0.01712,-0.38488, 0.02139,-0.38493
0.4601, -0.04784,-0.37219, 0.00810,-0.38264, 0.02329,-0.38336, 0.03047,-0.38336, 0.03466,-0.38326
0.4651, -0.03330,-0.37344, 0.02166,-0.38158, 0.03658,-0.38174, 0.04362,-0.38149, 0.04773,-0.38124
0.4701, -0.01889,-0.37421, 0.03504,-0.38014, 0.04967,-0.37977, 0.05657,-0.37927, 0.06060,-0.37888
0.4751, -0.00462,-0.37450, 0.04823,-0.37834, 0.06256,-0.37746, 0.06932,-0.37672, 0.07327,-0.37619
0.4801, 0.00950,-0.37434, 0.06123,-0.37618, 0.07524,-0.37481, 0.08186,-0.37386, 0.08572,-0.37320
0.4851, 0.02347,-0.37373, 0.07403,-0.37369, 0.08773,-0.37186, 0.09418,-0.37069, 0.09795,-0.36991
0.4901, 0.03726,-0.37271, 0.08663,-0.37088, 0.10000,-0.36861, 0.10630,-0.36723, 0.10997,-0.36634
0.4951, 0.05088,-0.37128, 0.09902,-0.36776, 0.11206,-0.36507, 0.11820,-0.36351, 0.12178,-0.36250
0.5001, 0.06431,-0.36946, 0.11120,-0.36434, 0.12390,-0.36126, 0.12988,-0.35951, 0.13337,-0.35840
0.5051, 0.07755,-0.36726, 0.12318,-0.36065, 0.13553,-0.35720, 0.14135,-0.35527, 0.14474,-0.35406
0.5101, 0.09059,-0.36471, 0.13495,-0.35669, 0.14695,-0.35288, 0.15260,-0.35080, 0.15589,-0.34949
0.5151, 0.10343,-0.36182, 0.14650,-0.35247, 0.15815,-0.34833, 0.16363,-0.34610, 0.16683,-0.34470
0.5201, 0.11607,-0.35859, 0.15784,-0.34801, 0.16914,-0.34356, 0.17445,-0.34118, 0.17755,-0.33970
0.5251, 0.12849,-0.35506, 0.16897,-0.34332, 0.17992,-0.33858, 0.18506,-0.33607, 0.18805,-0.33451
0.5301, 0.14071,-0.35123, 0.17989,-0.33841, 0.19048,-0.33340, 0.19545,-0.33076, 0.19835,-0.32913
0.5351, 0.15271,-0.34711, 0.19060,-0.33329, 0.20083,-0.32803, 0.20564,-0.32527, 0.20843,-0.32357
0.5401, 0.16449,-0.34272, 0.20109,-0.32798, 0.21098,-0.32248, 0.21561,-0.31961, 0.21831,-0.31785
0.5451, 0.17606,-0.33808, 0.21138,-0.32248, 0.22092,-0.31676, 0.22538,-0.31379, 0.22798,-0.31197
0.5501, 0.18742,-0.33319, 0.22147,-0.31680, 0.23065,-0.31088, 0.23495,-0.30782, 0.23745,-0.30594
0.5551, 0.19856,-0.32807, 0.23135,-0.31096, 0.24019,-0.30485, 0.24432,-0.30170, 0.24672,-0.29977
0.5601, 0.20948,-0.32273, 0.24103,-0.30496, 0.24953,-0.29868, 0.25350,-0.29545, 0.25580,-0.29348
0.5651, 0.22019,-0.31719, 0.25052,-0.29881, 0.25867,-0.29237, 0.26248,-0.28907, 0.26469,-0.28705
0.5701, 0.23069,-0.31145, 0.25981,-0.29252, 0.26762,-0.28594, 0.27127,-0.28257, 0.27339,-0.28052
0.5751, 0.24098,-0.30552, 0.26891,-0.28610, 0.27639,-0.27940, 0.27988,-0.27596, 0.28190,-0.27387
0.5801, 0.25106,-0.29942, 0.27782,-0.27956, 0.28498,-0.27274, 0.28831,-0.26925, 0.29024,-0.26713
0.5851, 0.26094,-0.29315, 0.28655,-0.27290, 0.29339,-0.26597, 0.29656,-0.26244, 0.29840,-0.26028
0.5901, 0.27062,-0.28673, 0.29510,-0.26613, 0.30162,-0.25911, 0.30464,-0.25553, 0.30639,-0.25335
0.5951, 0.28010,-0.28017, 0.30347,-0.25927, 0.30968,-0.25216, 0.31256,-0.24854, 0.31422,-0.24634
0.6001, 0.28938,-0.27346, 0.31168,-0.25230, 0.31758,-0.24513, 0.32031,-0.24147, 0.32188,-0.23925
0.6051, 0.29848,-0.26663, 0.31972,-0.24525, 0.32532,-0.23801, 0.32790,-0.23433, 0.32939,-0.23209
0.6101, 0.30739,-0.25968, 0.32759,-0.23812, 0.33290,-0.23083, 0.33534,-0.22712, 0.33674,-0.22486
0.6151, 0.31612,-0.25262, 0.33531,-0.23091, 0.34033,-0.22357, 0.34264,-0.21984, 0.34396,-0.21757
0.6201, 0.32467,-0.24546, 0.34288,-0.22362, 0.34762,-0.21625, 0.34978,-0.21250, 0.35102,-0.21022
0.6251, 0.33305,-0.23820, 0.35030,-0.21627, 0.35476,-0.20888, 0.35680,-0.20511, 0.35796,-0.20282
0.6301, 0.34127,-0.23085, 0.35758,-0.20886, 0.36177,-0.20145, 0.36367,-0.19767, 0.36476,-0.19537
0.6351, 0.34932,-0.22341, 0.36472,-0.20140, 0.36865,-0.19397, 0.37042,-0.19018, 0.37143,-0.18788
0.6401, 0.35721,-0.21590, 0.37173,-0.19388, 0.37540,-0.18644, 0.37705,-0.18265, 0.37798,-0.18034
0.6451, 0.36496,-0.20832, 0.37861,-0.18631, 0.38203,-0.17887, 0.38356,-0.17508, 0.38442,-0.17277
0.6501, 0.37256,-0.20067, 0.38537,-0.17870, 0.38855,-0.17126, 0.38995,-0.16747, 0.39074,-0.16516
0.6551, 0.38001,-0.19296, 0.39202,-0.17104, 0.39495,-0.16362, 0.39624,-0.15982, 0.39696,-0.15752
0.6601, 0.38733,-0.18520, 0.39855,-0.16335, 0.40125,-0.15594, 0.40243,-0.15215, 0.40308,-0.14985
0.6651, 0.39453,-0.17738, 0.40498,-0.15563, 0.40745,-0.14823, 0.40852,-0.14445, 0.40910,-0.14215
0.6701, 0.40160,-0.16952, 0.41130,-0.14788, 0.41356,-0.14050, 0.41451,-0.13673, 0.41504,-0.13443
0.6751, 0.40855,-0.16162, 0.41754,-0.14009, 0.41957,-0.13274, 0.42042,-0.12898, 0.42088,-0.12668
0.6801, 0.41539,-0.15368, 0.42368,-0.13228, 0.42550,-0.12496, 0.42625,-0.12121, 0.42665,-0.11892
0.6851, 0.42212,-0.14571, 0.42973,-0.12445, 0.43136,-0.11716, 0.43200,-0.11342, 0.43234,-0.11114
0.6901, 0.42876,-0.13770, 0.43571,-0.11661, 0.43713,-0.10935, 0.43768,-0.10562, 0.43796,-0.10334
0.6951, 0.43530,-0.12967, 0.44162,-0.10874, 0.44284,-0.10152, 0.44330,-0.09780, 0.44352,-0.09553
0.7001, 0.44175,-0.12162, 0.44745,-0.10085, 0.44849,-0.09367, 0.44885,-0.08997, 0.44901,-0.08771
0.7051, 0.44812,-0.11354, 0.45322,-0.09296, 0.45408,-0.08582, 0.45435,-0.08213, 0.45446,-0.07988
0.7101, 0.45441,-0.10545, 0.45894,-0.08505, 0.45961,-0.07795, 0.45979,-0.07428, 0.45985,-0.07204
0.7151, 0.46063,-0.09735, 0.46460,-0.07713, 0.46510,-0.07007, 0.46519,-0.06642, 0.46520,-0.06419
0.7201, 0.46679,-0.08923, 0.47021,-0.06921, 0.47055,-0.06219, 0.47055,-0.05856, 0.47051,-0.05633
0.7251, 0.47288,-0.08110, 0.47579,-0.06128, 0.47595,-0.05430, 0.47588,-0.05069, 0.47578,-0.04847
0.7301, 0.47893,-0.07297, 0.48132,-0.05334, 0.48133,-0.04641, 0.48117,-0.04281, 0.48103,-0.04060
0.7351, 0.48493,-0.06483, 0.48683,-0.04540, 0.48668,-0.03852, 0.48644,-0.03494, 0.48625,-0.03273
0.7401, 0.49089,-0.05669, 0.49231,-0.03746, 0.49200,-0.03062, 0.49169,-0.02706, 0.49146,-0.02486
0.7451, 0.49681,-0.04855, 0.49777,-0.02953, 0.49731,-0.02273, 0.49693,-0.01918, 0.49665,-0.01699
0.7501, 0.50270,-0.04041, 0.50321,-0.02159, 0.50261,-0.01483, 0.50216,-0.01130, 0.50183,-0.00912
0.7551, 0.50858,-0.03227, 0.50865,-0.01365, 0.50791,-0.00694, 0.50738,-0.00343, 0.50701,-0.00126
0.7601, 0.51443,-0.02415, 0.51408,-0.00572, 0.51320,0.00095, 0.51260,0.00445, 0.51219,0.00661
0.7651, 0.52027,-0.01603, 0.51951,0.00220, 0.51849,0.00883, 0.51783,0.01231, 0.51737,0.01447
0.7701, 0.52611,-0.00792, 0.52494,0.01012, 0.52380,0.01671, 0.52306,0.02018, 0.52257,0.02233
0.7751, 0.53195,0.00018, 0.53039,0.01802, 0.52912,0.02458, 0.52832,0.02803, 0.52778,0.03018
0.7801, 0.53780,0.00827, 0.53586,0.02592, 0.53446,0.03244, 0.53359,0.03588, 0.53302,0.03802
0.7851, 0.54366,0.01633, 0.54135,0.03380, 0.53982,0.04029, 0.53889,0.04372, 0.53828,0.04585
0.7901, 0.54953,0.02438, 0.54686,0.04168, 0.54521,0.04813, 0.54423,0.05155, 0.54358,0.05368
0.7951, 0.55543,0.03241, 0.55241,0.04953, 0.55064,0.05595, 0.54960,0.05937, 0.54891,0.06149
0.8001, 0.56137,0.04042, 0.55800,0.05737, 0.55611,0.06376, 0.55501,0.06717, 0.55428,0.06930
0.8051, 0.56733,0.04840, 0.56362,0.06520, 0.56163,0.07156, 0.56046,0.07496, 0.55970,0.07708
0.8101, 0.57334,0.05635, 0.56930,0.07300, 0.56719,0.07934, 0.56597,0.08273, 0.56518,0.08486
0.8151, 0.57940,0.06427, 0.57503,0.08078, 0.57281,0.08710, 0.57153,0.09049, 0.57071,0.09261
0.8201, 0.58551,0.07217, 0.58083,0.08853, 0.57850,0.09484, 0.57716,0.09823, 0.57630,0.10035
0.8251, 0.59168,0.08003, 0.58668,0.09626, 0.58425,0.10255, 0.58286,0.10594, 0.58196,0.10807
0.8301, 0.59791,0.08785, 0.59261,0.10396, 0.59007,0.11024, 0.58862,0.11363, 0.58770,0.11577
0.8351, 0.60422,0.09563, 0.59861,0.11163, 0.59596,0.11791, 0.59447,0.12130, 0.59351,0.12344
0.8401, 0.61060,0.10336, 0.60469,0.11927, 0.60194,0.12554, 0.60039,0.12894, 0.59940,0.13108
0.8451, 0.61706,0.11106, 0.61086,0.12687, 0.60801,0.13314, 0.60640,0.13655, 0.60538,0.13870
0.8501, 0.62361,0.11870, 0.61711,0.13444, 0.61416,0.14071, 0.61251,0.14413, 0.61146,0.14628
0.8551, 0.63025,0.12629, 0.62347,0.14196, 0.62042,0.14824, 0.61872,0.15167, 0.61763,0.15384
0.8601, 0.63700,0.13382, 0.62992,0.14943, 0.62678,0.15573, 0.62502,0.15917, 0.62391,0.16135
0.8651, 0.64384,0.14129, 0.63649,0.15686, 0.63324,0.16317, 0.63144,0.16663, 0.63029,0.16883
0.8701, 0.65079,0.14869, 0.64316,0.16424, 0.63982,0.17057, 0.63797,0.17405, 0.63679,0.17626
0.8751, 0.65786,0.15603, 0.64995,0.17156, 0.64651,0.17792, 0.64461,0.18142, 0.64341,0.18364
0.8801, 0.66505,0.16329, 0.65686,0.17882, 0.65333,0.18521, 0.65138,0.18874, 0.65015,0.19098
0.8851, 0.67237,0.17048, 0.66390,0.18602, 0.66028,0.19245, 0.65828,0.19600, 0.65702,0.19826
0.8901, 0.67981,0.17758, 0.67107,0.19315, 0.66736,0.19962, 0.66532,0.20321, 0.66403,0.20549
0.8951, 0.68739,0.18459, 0.67838,0.20020, 0.67457,0.20673, 0.67249,0.21035, 0.67117,0.21265
0.9001, 0.69511,0.19150, 0.68583,0.20718, 0.68193,0.21376, 0.67980,0.21742, 0.67846,0.21975
0.9051, 0.70297,0.19832, 0.69342,0.21408, 0.68944,0.22072, 0.68726,0.22441, 0.68589,0.22677
0.9101, 0.71098,0.20503, 0.70117,0.22088, 0.69709,0.22759, 0.69487,0.23133, 0.69348,0.23372
0.9151, 0.71915,0.21162, 0.70907,0.22759, 0.70491,0.23438, 0.70264,0.23817, 0.70123,0.24059
0.9201, 0.72747,0.21809, 0.71713,0.23420, 0.71288,0.24107, 0.71058,0.24491, 0.70913,0.24737
0.9251, 0.73595,0.22443, 0.72535,0.24071, 0.72102,0.24766, 0.71868,0.25156, 0.71721,0.25405
0.9301, 0.74460,0.23064, 0.73375,0.24709, 0.72933,0.25415, 0.72695,0.25810, 0.72545,0.26064
0.9351, 0.75342,0.23670, 0.74231,0.25336, 0.73781,0.26052, 0.73539,0.26454, 0.73387,0.26712
0.9401, 0.76241,0.24261, 0.75105,0.25950, 0.74648,0.26677, 0.74401,0.27086, 0.74248,0.27348
0.9451, 0.77158,0.24836, 0.75997,0.26550, 0.75532,0.27290, 0.75282,0.27706, 0.75126,0.27972
0.9501, 0.78092,0.25394, 0.76907,0.27135, 0.76434,0.27889, 0.76181,0.28312, 0.76023,0.28584
0.9551, 0.79044,0.25934, 0.77836,0.27705, 0.77356,0.28473, 0.77099,0.28904, 0.76939,0.29182
0.9601, 0.80015,0.26455, 0.78783,0.28259, 0.78297,0.29042, 0.78036,0.29482, 0.77875,0.29765
0.9651, 0.81004,0.26956, 0.79750,0.28795, 0.79257,0.29594, 0.78993,0.30044, 0.78830,0.30333
0.9701, 0.82011,0.27435, 0.80736,0.29314, 0.80236,0.30130, 0.79970,0.30589, 0.79805,0.30884
0.9751, 0.83037,0.27893, 0.81742,0.29813, 0.81236,0.30647, 0.80967,0.31117, 0.80801,0.31419
0.9801, 0.84082,0.28326, 0.82767,0.30291, 0.82255,0.31145, 0.81985,0.31626, 0.81817,0.31935
0.9851, 0.85145,0.28736, 0.83811,0.30749, 0.83295,0.31623, 0.83022,0.32115, 0.82854,0.32431
0.9901, 0.86227,0.29119, 0.84876,0.31184, 0.84356,0.32079, 0.84081,0.32584, 0.83911,0.32907
0.9951, 0.87327,0.29476, 0.85961,0.31595, 0.85436,0.32513, 0.85160,0.33030, 0.84990,0.33362
