index, F0 Tr.x, F0 Tr.y, F1 Tr.x, F1 Tr.y, F2 Tr.x, F2 Tr.y, F3 Tr.x, F3 Tr.y, F4 Tr.x, F4 Tr.y
0.0001, -0.82454,-0.90473, 0.16396,-0.42127, 0.15892,-0.39148, 0.15594,-0.37997, 0.15409,-0.37383
0.0051, -0.27744,-0.93683, 0.17544,-0.41491, 0.17010,-0.38585, 0.16703,-0.37462, 0.16515,-0.36862
0.0101, -0.13918,-0.89369, 0.18665,-0.40839, 0.18102,-0.38004, 0.17788,-0.36908, 0.17597,-0.36323
0.0151, -0.05199,-0.85420, 0.19758,-0.40172, 0.19170,-0.37406, 0.18850,-0.36336, 0.18656,-0.35765
0.0201, 0.01209,-0.81824, 0.20824,-0.39490, 0.20213,-0.36792, 0.19888,-0.35747, 0.19693,-0.35189
0.0251, 0.06271,-0.78517, 0.21864,-0.38796, 0.21233,-0.36163, 0.20903,-0.35143, 0.20706,-0.34598
0.0301, 0.10440,-0.75446, 0.22879,-0.38089, 0.22229,-0.35521, 0.21895,-0.34524, 0.21697,-0.33992
0.0351, 0.13970,-0.72573, 0.23868,-0.37370, 0.23202,-0.34865, 0.22865,-0.33891, 0.22666,-0.33371
0.0401, 0.17020,-0.69867, 0.24832,-0.36642, 0.24153,-0.34197, 0.23813,-0.33245, 0.23613,-0.32737
0.0451, 0.19694,-0.67307, 0.25773,-0.35904, 0.25081,-0.33517, 0.24740,-0.32587, 0.24540,-0.32090
0.0501, 0.22065,-0.64876, 0.26689,-0.35156, 0.25987,-0.32827, 0.25645,-0.31918, 0.25445,-0.31431
0.0551, 0.24188,-0.62558, 0.27583,-0.34401, 0.26873,-0.32127, 0.26530,-0.31238, 0.26330,-0.30762
0.0601, 0.26103,-0.60343, 0.28455,-0.33638, 0.27738,-0.31418, 0.27394,-0.30548, 0.27195,-0.30082
0.0651, 0.27843,-0.58219, 0.29305,-0.32869, 0.28582,-0.30700, 0.28239,-0.29850, 0.28041,-0.29393
0.0701, 0.29432,-0.56180, 0.30133,-0.32093, 0.29407,-0.29975, 0.29065,-0.29142, 0.28867,-0.28695
0.0751, 0.30890,-0.54217, 0.30941,-0.31312, 0.30212,-0.29242, 0.29872,-0.28427, 0.29675,-0.27989
0.0801, 0.32234,-0.52325, 0.31730,-0.30526, 0.30999,-0.28503, 0.30660,-0.27704, 0.30465,-0.27275
0.0851, 0.33478,-0.50498, 0.32498,-0.29735, 0.31768,-0.27757, 0.31431,-0.26975, 0.31238,-0.26554
0.0901, 0.34633,-0.48731, 0.33248,-0.28940, 0.32519,-0.27006, 0.32185,-0.26239, 0.31993,-0.25826
0.0951, 0.35710,-0.47020, 0.33980,-0.28142, 0.33254,-0.26250, 0.32922,-0.25498, 0.32732,-0.25092
0.1001, 0.36716,-0.45360, 0.34695,-0.27340, 0.33971,-0.25489, 0.33642,-0.24751, 0.33455,-0.24353
0.1051, 0.37658,-0.43750, 0.35392,-0.26536, 0.34673,-0.24724, 0.34348,-0.24000, 0.34162,-0.23609
0.1101, 0.38544,-0.42184, 0.36073,-0.25729, 0.35359,-0.23955, 0.35038,-0.23244, 0.34855,-0.22859
0.1151, 0.39379,-0.40661, 0.36738,-0.24920, 0.36031,-0.23182, 0.35713,-0.22484, 0.35533,-0.22106
0.1201, 0.40167,-0.39178, 0.37389,-0.24109, 0.36688,-0.22407, 0.36374,-0.21721, 0.36197,-0.21348
0.1251, 0.40913,-0.37732, 0.38024,-0.23297, 0.37331,-0.21628, 0.37022,-0.20954, 0.36847,-0.20587
0.1301, 0.41621,-0.36321, 0.38646,-0.22484, 0.37961,-0.20847, 0.37657,-0.20184, 0.37485,-0.19823
0.1351, 0.42294,-0.34944, 0.39254,-0.21669, 0.38579,-0.20064, 0.38279,-0.19411, 0.38110,-0.19056
0.1401, 0.42935,-0.33598, 0.39850,-0.20854, 0.39184,-0.19279, 0.38890,-0.18636, 0.38724,-0.18285
0.1451, 0.43547,-0.32281, 0.40433,-0.20039, 0.39778,-0.18492, 0.39489,-0.17859, 0.39326,-0.17513
0.1501, 0.44132,-0.30992, 0.41004,-0.19223, 0.40360,-0.17703, 0.40077,-0.17080, 0.39918,-0.16738
0.1551, 0.44693,-0.29729, 0.41565,-0.18407, 0.40932,-0.16913, 0.40655,-0.16299, 0.40499,-0.15962
0.1601, 0.45232,-0.28492, 0.42115,-0.17591, 0.41494,-0.16123, 0.41222,-0.15516, 0.41070,-0.15183
0.1651, 0.45751,-0.27278, 0.42654,-0.16775, 0.42046,-0.15331, 0.41781,-0.14732, 0.41632,-0.14403
0.1701, 0.46251,-0.26086, 0.43185,-0.15960, 0.42590,-0.14538, 0.42330,-0.13947, 0.42185,-0.13622
0.1751, 0.46734,-0.24915, 0.43706,-0.15144, 0.43125,-0.13745, 0.42872,-0.13161, 0.42730,-0.12839
0.1801, 0.47202,-0.23764, 0.44219,-0.14330, 0.43651,-0.12951, 0.43405,-0.12374, 0.43268,-0.12056
0.1851, 0.47656,-0.22633, 0.44724,-0.13516, 0.44171,-0.12157, 0.43931,-0.11587, 0.43798,-0.11271
0.1901, 0.48096,-0.21519, 0.45222,-0.12702, 0.44683,-0.11363, 0.44451,-0.10799, 0.44321,-0.10486
0.1951, 0.48525,-0.20423, 0.45713,-0.11889, 0.45189,-0.10568, 0.44964,-0.10010, 0.44838,-0.09700
0.2001, 0.48944,-0.19342, 0.46198,-0.11077, 0.45690,-0.09774, 0.45471,-0.09221, 0.45350,-0.08913
0.2051, 0.49353,-0.18277, 0.46677,-0.10266, 0.46184,-0.08979, 0.45973,-0.08431, 0.45856,-0.08126
0.2101, 0.49754,-0.17227, 0.47151,-0.09456, 0.46674,-0.08185, 0.46470,-0.07642, 0.46357,-0.07339
0.2151, 0.50147,-0.16190, 0.47620,-0.08647, 0.47159,-0.07390, 0.46963,-0.06852, 0.46855,-0.06551
0.2201, 0.50533,-0.15167, 0.48084,-0.07838, 0.47641,-0.06596, 0.47452,-0.06062, 0.47348,-0.05764
0.2251, 0.50913,-0.14156, 0.48545,-0.07031, 0.48118,-0.05802, 0.47938,-0.05273, 0.47838,-0.04976
0.2301, 0.51288,-0.13157, 0.49002,-0.06225, 0.48593,-0.05009, 0.48421,-0.04483, 0.48326,-0.04188
0.2351, 0.51658,-0.12169, 0.49457,-0.05419, 0.49066,-0.04216, 0.48901,-0.03693, 0.48811,-0.03400
0.2401, 0.52025,-0.11192, 0.49910,-0.04615, 0.49536,-0.03423, 0.49380,-0.02904, 0.49294,-0.02612
0.2451, 0.52389,-0.10224, 0.50360,-0.03811, 0.50005,-0.02631, 0.49857,-0.02115, 0.49777,-0.01824
0.2501, 0.52751,-0.09267, 0.50809,-0.03009, 0.50472,-0.01839, 0.50333,-0.01326, 0.50258,-0.01037
0.2551, 0.53110,-0.08318, 0.51258,-0.02208, 0.50940,-0.01048, 0.50809,-0.00538, 0.50739,-0.00250
0.2601, 0.53469,-0.07379, 0.51706,-0.01408, 0.51407,-0.00257, 0.51285,0.00250, 0.51220,0.00537
0.2651, 0.53827,-0.06447, 0.52154,-0.00609, 0.51874,0.00533, 0.51761,0.01038, 0.51701,0.01324
0.2701, 0.54185,-0.05523, 0.52602,0.00189, 0.52342,0.01322, 0.52239,0.01825, 0.52184,0.02110
0.2751, 0.54543,-0.04607, 0.53052,0.00986, 0.52812,0.02111, 0.52718,0.02611, 0.52669,0.02895
0.2801, 0.54903,-0.03698, 0.53503,0.01782, 0.53284,0.02899, 0.53199,0.03397, 0.53155,0.03680
0.2851, 0.55264,-0.02795, 0.53957,0.02577, 0.53758,0.03686, 0.53682,0.04182, 0.53644,0.04465
0.2901, 0.55628,-0.01899, 0.54412,0.03370, 0.54234,0.04472, 0.54169,0.04966, 0.54136,0.05248
0.2951, 0.55994,-0.01008, 0.54871,0.04163, 0.54714,0.05258, 0.54659,0.05750, 0.54632,0.06031
0.3001, 0.56363,-0.00124, 0.55333,0.04954, 0.55198,0.06042, 0.55152,0.06532, 0.55131,0.06813
0.3051, 0.56736,0.00755, 0.55799,0.05744, 0.55686,0.06826, 0.55650,0.07314, 0.55636,0.07594
0.3101, 0.57113,0.01629, 0.56270,0.06533, 0.56178,0.07608, 0.56153,0.08095, 0.56145,0.08374
0.3151, 0.57495,0.02498, 0.56745,0.07320, 0.56676,0.08389, 0.56662,0.08874, 0.56659,0.09153
0.3201, 0.57881,0.03362, 0.57226,0.08106, 0.57180,0.09169, 0.57176,0.09652, 0.57180,0.09930
0.3251, 0.58274,0.04222, 0.57712,0.08891, 0.57689,0.09948, 0.57697,0.10429, 0.57707,0.10707
0.3301, 0.58672,0.05077, 0.58205,0.09674, 0.58206,0.10725, 0.58225,0.11205, 0.58241,0.11481
0.3351, 0.59078,0.05928, 0.58705,0.10455, 0.58729,0.11500, 0.58759,0.11978, 0.58783,0.12254
0.3401, 0.59490,0.06775, 0.59212,0.11235, 0.59260,0.12274, 0.59302,0.12750, 0.59333,0.13025
0.3451, 0.59909,0.07618, 0.59727,0.12013, 0.59800,0.13046, 0.59853,0.13520, 0.59891,0.13794
0.3501, 0.60337,0.08457, 0.60250,0.12789, 0.60348,0.13815, 0.60413,0.14288, 0.60458,0.14561
0.3551, 0.60774,0.09292, 0.60783,0.13563, 0.60905,0.14583, 0.60983,0.15054, 0.61034,0.15326
0.3601, 0.61219,0.10123, 0.61324,0.14334, 0.61472,0.15348, 0.61562,0.15817, 0.61621,0.16088
0.3651, 0.61674,0.10951, 0.61875,0.15103, 0.62049,0.16111, 0.62152,0.16577, 0.62218,0.16847
0.3701, 0.62139,0.11775, 0.62437,0.15870, 0.62637,0.16871, 0.62752,0.17334, 0.62826,0.17603
0.3751, 0.62614,0.12596, 0.63009,0.16634, 0.63236,0.17628, 0.63364,0.18088, 0.63446,0.18355
0.3801, 0.63101,0.13413, 0.63593,0.17395, 0.63847,0.18381, 0.63988,0.18839, 0.64078,0.19104
0.3851, 0.63599,0.14226, 0.64189,0.18153, 0.64470,0.19131, 0.64625,0.19586, 0.64722,0.19849
0.3901, 0.64109,0.15035, 0.64797,0.18907, 0.65106,0.19877, 0.65274,0.20328, 0.65379,0.20590
0.3951, 0.64631,0.15840, 0.65418,0.19657, 0.65755,0.20619, 0.65937,0.21066, 0.66050,0.21326
0.4001, 0.65167,0.16642, 0.66052,0.20404, 0.66418,0.21356, 0.66614,0.21800, 0.66735,0.22058
0.4051, 0.65716,0.17439, 0.66701,0.21146, 0.67095,0.22088, 0.67305,0.22528, 0.67435,0.22783
0.4101, 0.66280,0.18232, 0.67364,0.21883, 0.67787,0.22815, 0.68011,0.23250, 0.68149,0.23503
0.4151, 0.66858,0.19020, 0.68042,0.22615, 0.68494,0.23536, 0.68733,0.23967, 0.68880,0.24217
0.4201, 0.67451,0.19804, 0.68735,0.23341, 0.69217,0.24252, 0.69470,0.24677, 0.69626,0.24924
0.4251, 0.68060,0.20582, 0.69445,0.24062, 0.69957,0.24960, 0.70224,0.25379, 0.70389,0.25623
0.4301, 0.68685,0.21355, 0.70171,0.24776, 0.70713,0.25661, 0.70995,0.26075, 0.71169,0.26315
0.4351, 0.69327,0.22123, 0.70914,0.25483, 0.71487,0.26355, 0.71784,0.26762, 0.71967,0.26998
0.4401, 0.69987,0.22884, 0.71674,0.26183, 0.72278,0.27040, 0.72591,0.27440, 0.72782,0.27673
0.4451, 0.70664,0.23639, 0.72453,0.26874, 0.73087,0.27716, 0.73415,0.28109, 0.73616,0.28337
0.4501, 0.71360,0.24388, 0.73251,0.27557, 0.73916,0.28383, 0.74259,0.28768, 0.74469,0.28992
0.4551, 0.72075,0.25129, 0.74067,0.28231, 0.74763,0.29039, 0.75122,0.29416, 0.75342,0.29635
0.4601, 0.72810,0.25862, 0.74903,0.28895, 0.75631,0.29685, 0.76005,0.30053, 0.76234,0.30266
0.4651, 0.73564,0.26587, 0.75759,0.29548, 0.76518,0.30319, 0.76908,0.30678, 0.77146,0.30885
0.4701, 0.74340,0.27303, 0.76635,0.30190, 0.77426,0.30941, 0.77831,0.31289, 0.78079,0.31491
0.4751, 0.75136,0.28009, 0.77533,0.30820, 0.78355,0.31549, 0.78776,0.31887, 0.79033,0.32082
0.4801, 0.75955,0.28705, 0.78451,0.31437, 0.79305,0.32143, 0.79742,0.32470, 0.80008,0.32658
0.4851, 0.76795,0.29391, 0.79392,0.32040, 0.80277,0.32722, 0.80729,0.33037, 0.81004,0.33218
0.4901, 0.77658,0.30064, 0.80354,0.32628, 0.81270,0.33285, 0.81738,0.33587, 0.82023,0.33761
0.4951, 0.78545,0.30725, 0.81339,0.33201, 0.82286,0.33831, 0.82770,0.34120, 0.83064,0.34286
0.5001, 0.79455,0.31373, 0.82347,0.33757, 0.83325,0.34359, 0.83824,0.34634, 0.84127,0.34791
0.5051, 0.80390,0.32006, 0.83378,0.34295, 0.84387,0.34868, 0.84900,0.35128, 0.85213,0.35276
0.5101, 0.81349,0.32624, 0.84433,0.34814, 0.85471,0.35357, 0.86000,0.35601, 0.86321,0.35740
0.5151, 0.82333,0.33226, 0.85511,0.35313, 0.86579,0.35824, 0.87123,0.36052, 0.87453,0.36181
0.5201, 0.83343,0.33811, 0.86613,0.35791, 0.87711,0.36269, 0.88268,0.36480, 0.88607,0.36598
0.5251, 0.84379,0.34377, 0.87739,0.36247, 0.88865,0.36689, 0.89437,0.36882, 0.89785,0.36990
0.5301, 0.85440,0.34923, 0.88890,0.36679, 0.90044,0.37084, 0.90630,0.37259, 0.90985,0.37355
0.5351, 0.86529,0.35448, 0.90064,0.37086, 0.91246,0.37453, 0.91845,0.37608, 0.92209,0.37693
0.5401, 0.87644,0.35951, 0.91263,0.37467, 0.92471,0.37794, 0.93084,0.37929, 0.93455,0.38000
0.5451, 0.88786,0.36431, 0.92487,0.37819, 0.93720,0.38105, 0.94345,0.38218, 0.94724,0.38278
0.5501, 0.89955,0.36885, 0.93734,0.38143, 0.94992,0.38385, 0.95629,0.38477, 0.96015,0.38522
0.5551, 0.91152,0.37313, 0.95006,0.38435, 0.96287,0.38632, 0.96936,0.38701, 0.97328,0.38733
0.5601, 0.92376,0.37713, 0.96302,0.38695, 0.97605,0.38846, 0.98264,0.38891, 0.98663,0.38908
0.5651, 0.93627,0.38083, 0.97621,0.38920, 0.98945,0.39023, 0.99615,0.39044, 1.00020,0.39046
0.5701, 0.94906,0.38422, 0.98964,0.39110, 1.00308,0.39163, 1.00986,0.39158, 1.01396,0.39145
0.5751, 0.96212,0.38727, 1.00330,0.39262, 1.01691,0.39264, 1.02378,0.39233, 1.02793,0.39204
0.5801, 0.97545,0.38998, 1.01718,0.39375, 1.03095,0.39324, 1.03790,0.39266, 1.04209,0.39220
0.5851, 0.98905,0.39231, 1.03127,0.39447, 1.04519,0.39341, 1.05220,0.39255, 1.05644,0.39192
0.5901, 1.00291,0.39426, 1.04558,0.39476, 1.05962,0.39314, 1.06669,0.39199, 1.07096,0.39119
0.5951, 1.01703,0.39580, 1.06009,0.39459, 1.07423,0.39240, 1.08135,0.39096, 1.08565,0.38997
0.6001, 1.03141,0.39691, 1.07479,0.39396, 1.08902,0.39118, 1.09617,0.38943, 1.10048,0.38827
0.6051, 1.04603,0.39757, 1.08967,0.39284, 1.10396,0.38946, 1.11113,0.38740, 1.11546,0.38604
0.6101, 1.06089,0.39777, 1.10473,0.39121, 1.11905,0.38721, 1.12624,0.38484, 1.13057,0.38329
0.6151, 1.07598,0.39747, 1.11994,0.38906, 1.13427,0.38442, 1.14146,0.38173, 1.14578,0.37999
0.6201, 1.09129,0.39665, 1.13530,0.38635, 1.14961,0.38108, 1.15678,0.37806, 1.16109,0.37611
0.6251, 1.10680,0.39529, 1.15079,0.38308, 1.16505,0.37715, 1.17219,0.37380, 1.17648,0.37165
0.6301, 1.12251,0.39338, 1.16638,0.37921, 1.18057,0.37263, 1.18766,0.36894, 1.19192,0.36658
0.6351, 1.13840,0.39087, 1.18207,0.37474, 1.19616,0.36749, 1.20318,0.36345, 1.20740,0.36089
0.6401, 1.15445,0.38776, 1.19784,0.36964, 1.21178,0.36171, 1.21873,0.35733, 1.22290,0.35456
0.6451, 1.17065,0.38402, 1.21365,0.36389, 1.22743,0.35527, 1.23428,0.35055, 1.23838,0.34756
0.6501, 1.18697,0.37962, 1.22949,0.35746, 1.24306,0.34817, 1.24980,0.34309, 1.25383,0.33989
0.6551, 1.20339,0.37454, 1.24533,0.35035, 1.25867,0.34037, 1.26527,0.33494, 1.26922,0.33153
0.6601, 1.21989,0.36875, 1.26115,0.34253, 1.27421,0.33186, 1.28066,0.32608, 1.28452,0.32246
0.6651, 1.23644,0.36224, 1.27692,0.33398, 1.28966,0.32262, 1.29594,0.31650, 1.29969,0.31266
0.6701, 1.25301,0.35497, 1.29260,0.32469, 1.30499,0.31265, 1.31108,0.30617, 1.31471,0.30213
0.6751, 1.26958,0.34693, 1.30817,0.31464, 1.32017,0.30192, 1.32605,0.29510, 1.32955,0.29084
0.6801, 1.28611,0.33809, 1.32358,0.30381, 1.33515,0.29042, 1.34080,0.28326, 1.34416,0.27880
0.6851, 1.30257,0.32843, 1.33881,0.29218, 1.34991,0.27814, 1.35531,0.27064, 1.35850,0.26598
0.6901, 1.31892,0.31794, 1.35381,0.27975, 1.36440,0.26506, 1.36953,0.25724, 1.37255,0.25238
0.6951, 1.33512,0.30658, 1.36854,0.26650, 1.37858,0.25118, 1.38342,0.24304, 1.38626,0.23799
0.7001, 1.35113,0.29435, 1.38297,0.25243, 1.39241,0.23650, 1.39693,0.22805, 1.39958,0.22280
0.7051, 1.36690,0.28123, 1.39704,0.23751, 1.40585,0.22099, 1.41004,0.21224, 1.41248,0.20681
0.7101, 1.38238,0.26719, 1.41071,0.22175, 1.41885,0.20466, 1.42268,0.19563, 1.42490,0.19003
0.7151, 1.39754,0.25223, 1.42393,0.20514, 1.43136,0.18751, 1.43481,0.17821, 1.43680,0.17244
0.7201, 1.41231,0.23634, 1.43666,0.18768, 1.44333,0.16954, 1.44638,0.15997, 1.44813,0.15406
0.7251, 1.42663,0.21950, 1.44883,0.16936, 1.45471,0.15074, 1.45735,0.14094, 1.45883,0.13488
0.7301, 1.44046,0.20171, 1.46039,0.15019, 1.46544,0.13113, 1.46765,0.12111, 1.46886,0.11492
0.7351, 1.45374,0.18297, 1.47129,0.13018, 1.47548,0.11072, 1.47723,0.10050, 1.47817,0.09418
0.7401, 1.46639,0.16328, 1.48148,0.10932, 1.48476,0.08950, 1.48604,0.07911, 1.48669,0.07269
0.7451, 1.47837,0.14263, 1.49088,0.08765, 1.49323,0.06751, 1.49403,0.05696, 1.49437,0.05045
0.7501, 1.48959,0.12104, 1.49944,0.06516, 1.50084,0.04476, 1.50113,0.03408, 1.50116,0.02749
0.7551, 1.49999,0.09851, 1.50710,0.04188, 1.50751,0.02127, 1.50728,0.01049, 1.50699,0.00384
0.7601, 1.50950,0.07506, 1.51380,0.01783, 1.51319,-0.00294, 1.51243,-0.01379, 1.51182,-0.02048
0.7651, 1.51804,0.05071, 1.51947,-0.00695, 1.51782,-0.02783, 1.51652,-0.03873, 1.51558,-0.04544
0.7701, 1.52555,0.02548, 1.52404,-0.03245, 1.52134,-0.05337, 1.51949,-0.06428, 1.51821,-0.07100
0.7751, 1.53195,-0.00060, 1.52745,-0.05862, 1.52368,-0.07952, 1.52128,-0.09041, 1.51965,-0.09711
0.7801, 1.53716,-0.02749, 1.52964,-0.08542, 1.52479,-0.10624, 1.52183,-0.11708, 1.51985,-0.12374
0.7851, 1.54110,-0.05516, 1.53054,-0.11281, 1.52461,-0.13347, 1.52107,-0.14422, 1.51875,-0.15083
0.7901, 1.54369,-0.08355, 1.53009,-0.14073, 1.52307,-0.16117, 1.51897,-0.17180, 1.51629,-0.17833
0.7951, 1.54486,-0.11262, 1.52821,-0.16912, 1.52011,-0.18928, 1.51544,-0.19975, 1.51242,-0.20618
0.8001, 1.54453,-0.14231, 1.52486,-0.19793, 1.51568,-0.21773, 1.51045,-0.22800, 1.50708,-0.23431
0.8051, 1.54262,-0.17255, 1.51996,-0.22708, 1.50972,-0.24645, 1.50394,-0.25649, 1.50023,-0.26265
0.8101, 1.53905,-0.20327, 1.51346,-0.25651, 1.50217,-0.27537, 1.49585,-0.28514, 1.49180,-0.29113
0.8151, 1.53376,-0.23438, 1.50529,-0.28612, 1.49299,-0.30440, 1.48614,-0.31387, 1.48176,-0.31967
0.8201, 1.52666,-0.26581, 1.49542,-0.31584, 1.48213,-0.33347, 1.47476,-0.34259, 1.47007,-0.34818
0.8251, 1.51770,-0.29745, 1.48378,-0.34557, 1.46954,-0.36248, 1.46167,-0.37122, 1.45667,-0.37657
0.8301, 1.50680,-0.32920, 1.47032,-0.37522, 1.45518,-0.39134, 1.44684,-0.39966, 1.44155,-0.40475
0.8351, 1.49390,-0.36095, 1.45502,-0.40467, 1.43901,-0.41993, 1.43022,-0.42780, 1.42465,-0.43261
0.8401, 1.47895,-0.39258, 1.43781,-0.43381, 1.42101,-0.44816, 1.41180,-0.45554, 1.40597,-0.46006
0.8451, 1.46190,-0.42396, 1.41869,-0.46254, 1.40114,-0.47590, 1.39155,-0.48277, 1.38548,-0.48696
0.8501, 1.44270,-0.45497, 1.39761,-0.49072, 1.37940,-0.50304, 1.36945,-0.50936, 1.36316,-0.51322
0.8551, 1.42132,-0.48545, 1.37457,-0.51823, 1.35576,-0.52946, 1.34549,-0.53521, 1.33900,-0.53871
0.8601, 1.39772,-0.51525, 1.34954,-0.54493, 1.33021,-0.55503, 1.31967,-0.56018, 1.31302,-0.56331
0.8651, 1.37190,-0.54423, 1.32253,-0.57069, 1.30277,-0.57961, 1.29200,-0.58414, 1.28520,-0.58689
0.8701, 1.34383,-0.57221, 1.29355,-0.59536, 1.27345,-0.60307, 1.26249,-0.60696, 1.25557,-0.60931
0.8751, 1.31352,-0.59903, 1.26260,-0.61880, 1.24225,-0.62526, 1.23116,-0.62850, 1.22415,-0.63044
0.8801, 1.28098,-0.62451, 1.22971,-0.64084, 1.20922,-0.64604, 1.19804,-0.64862, 1.19098,-0.65016
0.8851, 1.24625,-0.64846, 1.19492,-0.66134, 1.17439,-0.66527, 1.16318,-0.66718, 1.15609,-0.66830
0.8901, 1.20935,-0.67071, 1.15828,-0.68014, 1.13781,-0.68280, 1.12662,-0.68404, 1.11954,-0.68474
0.8951, 1.17034,-0.69106, 1.11984,-0.69708, 1.09954,-0.69848, 1.08843,-0.69904, 1.08139,-0.69933
0.9001, 1.12930,-0.70932, 1.07968,-0.71199, 1.05966,-0.71215, 1.04869,-0.71206, 1.04172,-0.71194
0.9051, 1.08630,-0.72529, 1.03788,-0.72473, 1.01826,-0.72367, 1.00747,-0.72293, 1.00062,-0.72241
0.9101, 1.04145,-0.73879, 0.99454,-0.73512, 0.97542,-0.73289, 0.96488,-0.73153, 0.95817,-0.73061
0.9151, 0.99487,-0.74962, 0.94978,-0.74300, 0.93127,-0.73966, 0.92103,-0.73770, 0.91450,-0.73640
0.9201, 0.94669,-0.75758, 0.90372,-0.74823, 0.88592,-0.74384, 0.87604,-0.74131, 0.86972,-0.73965
0.9251, 0.89708,-0.76250, 0.85650,-0.75066, 0.83952,-0.74529, 0.83004,-0.74222, 0.82397,-0.74023
0.9301, 0.84620,-0.76418, 0.80829,-0.75012, 0.79222,-0.74387, 0.78319,-0.74031, 0.77739,-0.73801
0.9351, 0.79426,-0.76246, 0.75925,-0.74650, 0.74417,-0.73946, 0.73565,-0.73546, 0.73016,-0.73288
0.9401, 0.74148,-0.75717, 0.70958,-0.73964, 0.69557,-0.73193, 0.68760,-0.72755, 0.68243,-0.72471
0.9451, 0.68807,-0.74814, 0.65947,-0.72944, 0.64661,-0.72118, 0.63922,-0.71647, 0.63440,-0.71342
0.9501, 0.63431,-0.73525, 0.60915,-0.71578, 0.59749,-0.70710, 0.59071,-0.70213, 0.58627,-0.69891
0.9551, 0.58046,-0.71836, 0.55885,-0.69856, 0.54843,-0.68960, 0.54229,-0.68445, 0.53824,-0.68110
0.9601, 0.52682,-0.69737, 0.50881,-0.67769, 0.49967,-0.66862, 0.49419,-0.66336, 0.49054,-0.65992
0.9651, 0.47370,-0.67219, 0.45929,-0.65312, 0.45145,-0.64408, 0.44663,-0.63879, 0.44339,-0.63531
0.9701, 0.42143,-0.64274, 0.41058,-0.62478, 0.40403,-0.61594, 0.39989,-0.61070, 0.39706,-0.60724
0.9751, 0.37035,-0.60898, 0.36296,-0.59264, 0.35767,-0.58418, 0.35420,-0.57908, 0.35178,-0.57568
0.9801, 0.32082,-0.57090, 0.31671,-0.55669, 0.31266,-0.54879, 0.30983,-0.54391, 0.30782,-0.54062
0.9851, 0.27321,-0.52851, 0.27216,-0.51695, 0.26928,-0.50977, 0.26708,-0.50521, 0.26545,-0.50209
0.9901, 0.22791,-0.48184, 0.22962,-0.47344, 0.22783,-0.46716, 0.22621,-0.46300, 0.22495,-0.46010
0.9951, 0.18530,-0.43099, 0.18940,-0.42623, 0.18859,-0.42102, 0.18751,-0.41735, 0.18659,-0.41473
