Sigma, Rak1 Index Zeros
-1.57,1.410,1.411,1.412,1.413,7.454,13.817
-1.58,1.410,1.411,1.412,1.413,7.454,13.817,16.295
-1.56,1.410,1.411,1.412
-1.59,1.410,1.411,1.412,7.454,16.295
-1.55,1.411,1.412
-1.60,1.411,1.412,7.454,16.295
-2.83,2.452,2.453,2.454
-2.82,2.452,2.453,2.454
-2.81,2.452,2.453,2.454
-2.84,2.452,2.453,2.454
-2.80,2.452,2.453,2.454
-2.85,2.453,2.454,8.330,8.331
-2.79,2.453,2.454
-3.49,3.446,3.447,3.448
-3.48,3.446,3.447,3.448
-3.47,3.446,3.447,3.448
-3.46,3.446,3.447,3.448
-3.45,3.446,3.447,3.448
-3.50,3.446,3.447,3.448
-3.44,3.446,3.447,3.448
-3.51,3.446,3.447,3.448
-3.43,3.446,3.447,3.448
-3.52,3.447,3.448
-3.42,3.447,3.448
-1.12,3.532,15.898
-1.11,3.532,9.763,15.898
-1.13,3.532,16.902
-1.10,3.532,9.763,15.898,18.267
-5.27,4.471,4.472,4.473,12.388,12.389
-5.26,4.471,4.472,4.473,12.388,12.389
-5.25,4.471,4.472,4.473,12.388,12.389
-5.24,4.471,4.472,4.473,12.388,12.389
-5.29,4.471,4.472,12.388,12.389
-5.28,4.471,4.472,4.473,12.388,12.389
-5.23,4.471,4.472,12.388,12.389
-5.22,4.471,4.472,12.388,12.389
-5.30,4.471,4.472,12.388,12.389
-5.21,4.471,4.472,12.388,12.389
-5.31,4.471,4.472,12.388,12.389
-5.20,4.471,4.472,12.388,12.389
-1.45,4.887,4.888,13.501
-1.44,4.887,4.888
-1.46,4.887,4.888,13.501
-1.43,4.887,4.888,11.022
-6.32,5.486,5.487,5.488,14.398,14.399
-6.31,5.486,5.487,5.488,14.398,14.399
-6.30,5.486,5.487,5.488,14.398,14.399
-6.29,5.486,5.487,5.488,14.398,14.399
-6.28,5.486,5.487,5.488,14.398,14.399
-6.34,5.486,5.487,5.488,14.398,14.399
-6.33,5.486,5.487,5.488,14.398,14.399
-6.27,5.486,5.487,5.488,14.398,14.399
-6.35,5.486,5.487,14.398,14.399
-6.26,5.486,5.487,5.488,14.398,14.399
-6.25,5.486,5.487,14.398,14.399
-6.36,5.486,5.487,14.398,14.399,15.007
-6.24,5.486,5.487,14.398,14.399
-6.37,5.486,5.487,14.398,14.399,15.007
-6.23,5.487,14.398,14.399,17.021
-2.22,5.922,17.530,18.324
-2.21,5.922,18.324
-2.20,5.922,18.324
-2.19,5.922,16.507
-2.23,5.922,17.530,18.324
-2.18,5.922,16.507
-7.41,6.502,6.503,6.504
-7.40,6.502,6.503,6.504
-7.39,6.502,6.503,6.504
-7.38,6.502,6.503,6.504
-7.37,6.502,6.503,6.504
-7.43,6.502,6.503
-7.42,6.502,6.503,6.504
-7.36,6.502,6.503,6.504
-7.35,6.502,6.503
-7.44,6.502,6.503
-7.34,6.502,6.503
-7.45,6.502,6.503
-7.33,6.502,6.503
-7.46,6.502,6.503
-7.32,6.502,6.503
-7.31,6.503
-2.47,6.926,6.927,19.603
-2.46,6.926,6.927,19.603
-2.45,6.926,6.927,19.603
-2.44,6.926,6.927,19.603
-2.43,6.926,6.927,11.379
-2.48,6.926
-2.42,6.926,11.379
-1.95,7.315,7.316
-1.94,7.315,7.316
-1.93,7.315,7.316
-1.96,7.315,7.316
-1.92,7.315,7.316
-1.91,7.315,12.852,12.853,14.457
-1.97,7.315
-1.61,7.454,16.295
-7.75,7.511,7.512,7.513
-7.74,7.511,7.512,7.513
-7.73,7.511,7.512,7.513
-7.72,7.511,7.512,7.513
-7.71,7.511,7.512,7.513
-7.70,7.511,7.512,7.513
-7.69,7.511,7.512,7.513
-7.68,7.511,7.512,7.513
-7.67,7.511,7.512,7.513
-7.76,7.511,7.512,7.513
-7.66,7.511,7.512,7.513
-7.65,7.511,7.512,7.513
-7.78,7.511,7.512,7.513
-7.77,7.511,7.512,7.513
-7.64,7.511,7.512,7.513
-7.79,7.511,7.512
-7.63,7.511,7.512,7.513
-7.62,7.511,7.512
-7.80,7.511,7.512
-7.61,7.511,7.512
-7.81,7.512
-7.60,7.512
-3.75,7.958,7.959
-3.74,7.958,7.959
-3.73,7.958,7.959
-3.72,7.958,7.959
-3.76,7.958,7.959
-3.71,7.958,7.959
-2.91,8.330,8.331,16.844,16.845
-2.90,8.330,8.331,16.844,16.845
-2.89,8.330,8.331,16.844,16.845
-2.88,8.330,8.331,16.844,16.845
-2.93,8.330,8.331
-2.92,8.330,8.331,16.845
-2.87,8.330,8.331,16.845
-2.86,8.330,8.331
-2.94,8.330,8.331
-8.37,8.509,8.510,8.511
-8.36,8.509,8.510,8.511
-8.35,8.509,8.510,8.511
-8.34,8.509,8.510,8.511
-8.40,8.509,8.510,8.511
-8.39,8.509,8.510,8.511
-8.38,8.509,8.510,8.511
-8.33,8.509,8.510,8.511
-8.32,8.509,8.510,8.511
-8.31,8.509,8.510,8.511
-8.30,8.509,8.510,8.511
-8.42,8.509,8.510,8.511
-8.41,8.509,8.510,8.511
-8.29,8.509,8.510,8.511
-8.28,8.509,8.510,8.511
-8.44,8.510,8.511
-8.43,8.510,8.511
-8.27,8.510,8.511
-8.45,8.510,8.511
-8.26,8.510,8.511
-8.46,8.510,8.511
-8.25,8.510,8.511
-8.24,8.510,8.511
-8.47,8.510,8.511
-8.23,8.510,8.511
-8.48,8.510,8.511
-1.53,8.550
-1.52,8.550,15.526
-1.51,8.550,15.526
-1.54,8.550
-1.50,8.550,15.526
-1.49,8.550
-3.83,8.975
-3.82,8.975,8.976
-3.81,8.975,8.976
-3.80,8.975,8.976
-3.79,8.975
-3.84,8.975
-3.78,8.975
-4.38,9.358,13.389,13.390
-4.37,9.358,13.389,13.390
-4.36,9.358,13.389,13.390
-4.35,9.358,13.389,13.390
-4.40,9.358,13.389,13.390
-4.39,9.358,13.389,13.390
-4.34,9.358,13.389,13.390
-4.33,9.358,13.389,13.390
-4.41,9.358,13.389,13.390
-4.32,9.358,13.389,13.390
-4.31,9.358,13.389,13.390
-1.19,9.472,9.473
-1.20,9.472,19.879
-1.18,9.472
-9.41,9.515,9.516,9.517
-9.40,9.515,9.516,9.517
-9.39,9.515,9.516,9.517
-9.38,9.515,9.516,9.517
-9.37,9.515,9.516,9.517
-9.36,9.515,9.516,9.517
-9.35,9.515,9.516,9.517
-9.44,9.515,9.516,9.517
-9.43,9.515,9.516,9.517
-9.42,9.515,9.516,9.517
-9.34,9.515,9.516,9.517
-9.33,9.515,9.516,9.517
-9.32,9.515,9.516,9.517
-9.46,9.515,9.516,9.517
-9.45,9.515,9.516,9.517
-9.31,9.515,9.516,9.517
-9.30,9.515,9.516,9.517
-9.47,9.515,9.516,9.517
-9.29,9.515,9.516,9.517
-9.28,9.515,9.516,9.517
-9.48,9.516,9.517
-9.27,9.516,9.517
-9.49,9.516,9.517
-9.50,9.516,9.517
-9.26,9.516,9.517
-9.25,9.516
-9.51,9.516
-1.09,9.763,17.151
-1.37,9.947,9.948,19.359
-1.36,9.947,9.948
-1.35,9.947,9.948
-1.34,9.947,9.948
-1.33,9.948
-1.38,9.948,19.359
-3.30,10.005,13.423,19.894
-3.29,10.005,13.423,19.894
-3.28,10.005,13.423,19.893,19.894
-3.27,10.005,13.423,19.893,19.894
-3.31,10.005,13.423
-3.26,10.005,13.423,19.893,19.894
-3.25,10.005,19.893,19.894
-5.16,10.378
-5.15,10.378
-5.14,10.378
-5.13,10.378
-5.12,10.378
-5.11,10.378
-5.18,10.378,12.388,12.389
-5.17,10.378,12.388,12.389
-5.10,10.378
-5.09,10.378
-5.19,10.378,12.388,12.389
-5.08,10.378
-2.14,10.799,16.507
-2.16,10.799,16.507
-2.15,10.799,16.507
-2.13,10.799
-2.66,10.973,10.974,11.963,11.964,18.582
-2.65,10.973,10.974,11.963,11.964,12.013,18.582
-2.64,10.973,10.974,11.963,11.964,12.013,18.582
-2.68,10.973,10.974,18.582
-2.67,10.973,10.974,11.963,18.582
-2.63,10.973,10.974,11.963,11.964,12.012,12.013,18.582
-2.62,10.973,10.974,11.963,12.012,12.013
-2.69,10.974,18.582
-2.61,10.974,12.012,12.013
-1.42,11.022
-1.41,11.022
-2.40,11.379,11.816,11.817
-2.39,11.379,11.816,11.817
-2.38,11.379,11.380,11.816,11.817
-2.37,11.379,11.380,11.816
-2.36,11.379,11.380
-2.35,11.379
-2.34,11.379
-2.41,11.379,11.816
-2.33,11.379
-2.32,11.379
-2.31,11.379
-3.07,11.408,19.291,19.292
-3.06,11.408,19.291,19.292
-3.05,11.408,19.291,19.292
-3.04,11.408,19.291,19.292
-3.03,11.408,19.291,19.292
-3.02,11.408,19.291,19.292
-3.09,11.408
-3.08,11.408,19.291,19.292
-3.01,11.408
-3.00,11.408
-3.11,11.408
-3.10,11.408
-2.99,11.408
-2.98,11.408
-3.12,11.408
-2.97,11.408
-2.60,12.012,12.013
-2.59,12.012,12.013
-2.58,12.012,12.013
-2.57,12.013,19.986
-2.56,12.013,19.986
-1.78,12.444,12.445,17.318,18.026
-1.79,12.445,17.318
-1.77,12.445,15.840,18.026
-1.76,12.445,15.840,18.026
-1.90,12.852,12.853,14.457
-1.89,12.852,12.853,14.457
-1.88,12.852,12.853,14.457
-1.87,12.852,12.853,14.278
-3.99,12.987,12.988
-3.98,12.987,12.988
-3.97,12.987,12.988
-3.96,12.987,12.988
-3.95,12.987,12.988
-3.94,12.987,12.988
-3.93,12.987,12.988
-4.00,12.987,12.988
-3.92,12.987,12.988
-1.69,13.239
-1.68,13.239
-1.70,13.239
-1.67,13.239
-1.23,13.371,15.718,15.719,16.735,19.879
-1.22,13.371,15.718,15.719,16.351,16.735,19.879,19.880
-1.24,13.371,15.718,15.719,18.449,19.879
-1.21,13.371,15.719,19.879
-4.46,13.389,13.390
-4.45,13.389,13.390
-4.44,13.389,13.390
-4.43,13.389,13.390
-4.42,13.389,13.390
-4.48,13.389,13.390
-4.47,13.389,13.390
-4.50,13.389,13.390
-4.49,13.389,13.390
-4.51,13.389,13.390
-3.34,13.423
-3.33,13.423
-3.32,13.423
-3.35,13.423
-3.36,13.423
-1.47,13.501
-1.48,13.501
-5.73,13.993,13.994,18.029
-5.72,13.993,13.994,18.029
-5.76,13.993,13.994,18.029
-5.75,13.993,13.994,18.029
-5.74,13.993,13.994,18.029
-5.71,13.993,13.994,18.029
-5.70,13.993,13.994,18.029
-5.69,13.993,13.994
-5.68,13.993
-1.86,14.278
-1.85,14.278
-1.84,14.278
-1.83,14.278
-1.30,14.395
-1.29,14.395
-1.32,14.395
-1.31,14.395
-1.28,14.395
-1.27,14.395
-6.40,14.398,14.399,15.007
-6.39,14.398,14.399,15.007
-6.38,14.398,14.399,15.007
-6.43,14.398,14.399,15.007
-6.42,14.398,14.399,15.007
-6.41,14.398,14.399,15.007
-6.44,14.398,14.399,15.007
-6.45,14.398,14.399,15.007
-6.22,14.398,14.399,17.021
-6.46,14.398,14.399
-6.21,14.398,17.021,17.022
-1.00,14.675,14.815,14.869,16.003
-1.03,14.869
-1.02,14.869
-1.01,14.869
-8.75,15.404,15.405
-8.74,15.404,15.405
-8.73,15.404,15.405
-8.72,15.404,15.405
-8.71,15.404,15.405
-8.70,15.404,15.405
-8.69,15.404,15.405
-8.68,15.404,15.405
-8.67,15.404,15.405
-8.78,15.404,15.405
-8.77,15.404,15.405
-8.76,15.404,15.405
-8.66,15.404,15.405
-8.65,15.404,15.405
-8.80,15.405
-8.79,15.405
-8.64,15.405
-8.63,15.405
-8.81,15.405
-8.62,15.405
-8.61,15.405
-2.76,15.464,15.465
-2.75,15.464,15.465
-2.74,15.464,15.465
-2.73,15.464,15.465
-2.77,15.465
-2.72,15.465
-1.75,15.840,18.026
-1.74,15.840,18.026,18.949
-6.05,16.020,16.021
-6.04,16.020,16.021
-6.03,16.020,16.021
-6.02,16.020,16.021
-6.01,16.020,16.021
-6.00,16.020,16.021
-5.99,16.020,16.021
-6.07,16.020
-6.06,16.020,16.021
-5.98,16.020
-5.97,16.020
-6.08,16.020
-5.96,16.020
-1.64,16.295
-1.63,16.295
-1.62,16.295
-1.65,16.295
-10.00,16.415,16.416
-9.99,16.415,16.416
-9.98,16.415,16.416
-9.97,16.415,16.416
-9.96,16.415,16.416
-9.95,16.415,16.416
-9.94,16.415,16.416
-9.93,16.416
-9.92,16.416
-2.17,16.507
-1.17,16.902,17.938
-1.16,16.902,17.938
-1.15,16.902,17.938
-1.14,16.902,17.938
-6.20,17.021,17.022
-6.19,17.021,17.022
-6.18,17.021,17.022
-6.17,17.021,17.022
-6.16,17.021,17.022
-6.15,17.021,17.022
-6.14,17.021,17.022
-6.13,17.021,17.022
-6.12,17.021
-6.11,17.021
-1.08,17.151,18.987
-1.80,17.318
-2.27,17.530
-2.26,17.530
-2.25,17.530
-2.24,17.530
-2.28,17.530
-4.09,17.861
-4.08,17.861
-4.07,17.861
-4.06,17.861
-4.05,17.861
-4.04,17.861
-4.03,17.861
-4.02,17.861
-5.82,18.029
-5.81,18.029
-5.80,18.029
-5.79,18.029
-5.78,18.029
-5.77,18.029
-5.85,18.029
-5.84,18.029
-5.83,18.029
-5.87,18.029
-5.86,18.029
-5.88,18.029
-1.25,18.449
-5.03,18.878,18.879
-5.02,18.878,18.879
-5.01,18.878,18.879
-5.05,18.879
-5.04,18.879
-5.00,18.879
-4.99,18.879
-1.73,18.949
-1.72,18.949
-6.87,19.034
-6.86,19.034
-6.85,19.034
-6.84,19.034
-6.83,19.034
-6.82,19.034
-6.81,19.034
-6.80,19.034
-6.79,19.034
-6.89,19.034
-6.88,19.034
-6.78,19.034
-6.77,19.034
-3.24,19.893,19.894
-3.23,19.894
-3.22,19.894
-2.55,19.986
-2.54,19.986
-2.53,19.986
-2.52,19.986
